1,1594416.606,655082.829,6.56
2,1594431.526,655096.374,6.751
3,1594445.866,655111.233,6.887
4,1594460.036,655126.076,7.029
5,1594474.463,655141.296,7.152
6,1594488.648,655156.083,7.159
7,1594503.296,655171.254,7.155
8,1594517.428,655185.484,7.164
9,1594531.938,655200.012,7.166
10,1594546.4,655214.361,7.126
11,1594561.541,655229.402,7.131
12,1594576.053,655243.543,7.143
13,1594592.864,655259.44,7.12
14,1594608.91,655273.957,7.164
15,1594625.552,655288.306,7.224
16,1594642.629,655301.907,7.292
17,1594660.577,655314.541,7.358
18,1594677.856,655325.345,7.351
19,1594696.002,655335.344,7.293
20,1594714.668,655344.82,7.236
21,1594733.446,655353.669,7.248
22,1594752.609,655362.169,7.273
23,1594771.345,655369.803,7.306
24,1594791.288,655376.882,7.334
25,1594810.722,655382.926,7.377
26,1594830.589,655388.479,7.412
27,1594851.031,655394.199,7.39
28,1594871.372,655399.265,7.465
29,1594891.445,655402.365,7.445
30,1594911.612,655403.902,7.391
31,1594931.885,655403.483,7.416
32,1594952.459,655404.102,7.465
33,1594973.05,655405.71,7.511
34,1594994.576,655405.409,7.467
35,1595014.861,655401.707,7.453
36,1595034.462,655397.764,7.432
37,1595054.617,655394.562,7.448
38,1595075.303,655391.11,7.454
39,1595095.162,655385.717,7.366
40,1595114.056,655379.025,7.458
41,1595122.931,655387.521,6.773
42,1595125.164,655374.945,7.44
43,1595145.079,655370.638,7.513
44,1595163.96,655363.992,7.538
45,1595181.973,655354.873,7.5
46,1595200.104,655346.439,7.514
47,1595217.447,655336.266,7.473
48,1595234.852,655326.327,7.464
49,1595252.418,655316.025,7.459
50,1595269.721,655304.95,7.457
51,1595286.093,655293.098,7.51
52,1595301.835,655280.635,7.55
53,1595317.586,655267.102,7.524
54,1595333.198,655252.788,7.547
55,1595347.508,655238.393,7.543
56,1595361.587,655222.971,7.554
57,1595374.937,655206.927,7.515
58,1595387.293,655190.927,7.499
59,1595399.434,655174.843,7.645
60,1595412.604,655157.823,7.706
61,1595424.661,655141.7,7.734
62,1595436.719,655125.438,7.694
63,1595452.611,655104.402,7.632
64,1595464.965,655088.257,7.707
65,1595477.33,655071.727,7.665
66,1595527.412,655006.207,7.665
67,1595539.854,654990.506,7.711
68,1595553.198,654974.172,7.685
69,1595566.389,654958.166,7.742
70,1595579.786,654943.197,7.803
71,1595594.998,654928.075,7.78
72,1595610.463,654914.166,7.784
73,1595626.445,654900.779,7.769
74,1595642.904,654888.296,7.782
75,1595659.595,654876.57,7.765
76,1595676.526,654865.576,7.81
77,1595694.658,654854.867,7.851
78,1595713.331,654844.798,7.855
79,1595731.725,654836.223,7.831
80,1595750.823,654828.294,7.832
81,1595769.769,654821.338,7.802
82,1595789.816,654814.808,7.893
83,1595809.852,654809.064,7.817
84,1595830.466,654804.371,7.823
85,1595850.725,654800.51,7.843
86,1595870.969,654797.462,7.809
87,1595891.786,654795.28,7.759
88,1595913.316,654793.829,7.77
89,1595933.407,654793.219,7.689
90,1595954.722,654793.354,7.72
91,1595975.915,654794.348,7.71
92,1595996.775,654796.229,7.776
93,1596017.896,654799.218,7.867
94,1596038.186,654803.255,7.816
95,1596058.91,654808.583,7.788
96,1596079.635,654814.502,7.783
97,1596099.698,654821.325,7.742
98,1596118.423,654828.218,7.717
99,1596136.956,654835.817,7.654
100,1596155.352,654844.277,7.655
101,1596173.744,654853.591,7.637
102,1596191.36,654863.073,7.649
103,1596209.227,654873.194,7.589
104,1596227.207,654883.432,7.581
105,1596245.383,654893.464,7.538
106,1596264.192,654903.545,7.515
107,1596283.247,654913.919,7.58
108,1596300.845,654923.584,7.623
109,1596319.86,654934.342,7.576
110,1596338.648,654945.031,7.598
111,1596357.325,654955.303,7.581
112,1596376.176,654965.483,7.595
113,1596393.803,654975.164,7.633
114,1596412.691,654985.633,7.59
115,1596431.583,654995.962,7.581
116,1596450.283,655006.261,7.58
117,1596468.798,655016.583,7.476
118,1596487.794,655027.152,7.403
119,1596506.496,655037.478,7.344
120,1596524.841,655047.699,7.323
121,1596542.91,655057.773,7.293
122,1596561.074,655067.688,7.32
123,1596579.341,655077.317,7.351
124,1596597.583,655086.712,7.357
125,1596615.604,655096.288,7.348
126,1596633.66,655105.889,7.337
127,1596651.922,655116.22,7.304
128,1596669.332,655128.254,7.261
129,1596687.605,655136.757,7.239
130,1596705.854,655145.706,7.224
131,1596724.024,655155.452,7.286
132,1596742.909,655165.508,7.358
133,1596761.146,655175.378,7.415
134,1596779.975,655186.012,7.418
135,1596797.451,655195.83,7.423
136,1596815.78,655206.304,7.433
137,1596833.432,655216.444,7.458
138,1596851.196,655227.091,7.411
139,1596868.596,655236.981,7.319
140,1596887.158,655245.535,7.319
141,1596905.329,655254.209,7.326
142,1596923.327,655263.7,7.409
143,1596940.917,655273.628,7.399
144,1596958.712,655283.423,7.399
145,1596977.603,655293.336,7.431
146,1596995.35,655302.572,7.351
147,1597014.105,655312.705,7.381
148,1597031.557,655322.425,7.407
149,1597049.137,655332.063,7.453
150,1597067.943,655342.201,7.495
151,1597086.138,655352.186,7.484
152,1597104.375,655362.293,7.475
153,1597121.913,655371.94,7.545
154,1597140.181,655381.952,7.508
155,1597157.759,655391.528,7.489
156,1597175.592,655400.98,7.469
157,1597193.754,655411.114,7.509
158,1597211.883,655421.512,7.56
159,1597229.971,655431.375,7.593
160,1597247.784,655440.51,7.583
161,1597265.582,655449.691,7.574
162,1597283.174,655459.541,7.614
163,1597300.734,655469.072,7.573
164,1597318.83,655478.883,7.524
165,1597348.772,655494.864,7.526
166,1597366.825,655505.609,7.559
167,1597384.74,655514.825,7.625
168,1597402.187,655525.049,7.679
169,1597419.45,655535.377,7.657
170,1597435.812,655547.575,7.492
171,1597452.467,655558.645,7.48
172,1597469.593,655569.208,7.49
173,1597485.956,655580.67,7.514
174,1597502.142,655593.344,6.929
175,1597617.771,655720.072,7.648
176,1597628.756,655737.731,7.596
177,1597638.957,655755.196,7.459
178,1597648.598,655773.448,7.454
179,1597657.5,655791.619,7.391
180,1597666.486,655810.818,7.484
181,1597674.552,655829.251,7.734
182,1597681.821,655848.577,7.72
183,1597688.403,655868.437,7.736
184,1597694.35,655888.941,7.697
185,1597699.162,655908.599,7.674
186,1597703.807,655929.007,7.69
187,1597708.236,655948.954,7.675
188,1597712.291,655968.776,7.539
189,1597716.388,655988.992,7.429
190,1597720.122,656008.924,7.438
191,1597723.932,656028.824,7.513
192,1597728.324,656049.846,7.5
193,1597732.306,656070.333,7.341
194,1597736.536,656090.747,7.363
195,1597740.38,656110.86,7.348
196,1597743.831,656130.823,7.394
197,1597747.616,656151.954,7.402
198,1597751.377,656173.704,7.357
199,1597754.969,656193.922,7.35
200,1597759.196,656214.054,7.281
201,1597763.83,656234.124,7.356
202,1597768.188,656254.659,7.403
203,1597771.967,656274.889,7.478
204,1597775.637,656295.186,7.527
205,1597792.62,656380.284,7.551
206,1597796.162,656400.673,7.562
207,1597799.702,656421.176,7.535
208,1597821.277,656529.986,7.673
209,1597825.253,656549.721,7.842
210,1597831.639,656583.724,7.678
211,1597835.268,656603.58,7.622
212,1597839.409,656623.651,7.579
213,1597843.642,656643.433,7.498
214,1597848.44,656663.681,7.486
215,1597853.998,656683.046,7.393
216,1597860.474,656702.61,7.388
217,1597867.577,656721.466,7.4
218,1597876.391,656740.468,7.402
219,1597886.19,656758.587,7.327
220,1597896.67,656776.526,7.354
221,1597908.301,656794.032,7.323
222,1597921.084,656810.589,7.269
223,1597935.002,656826.417,7.309
224,1597949.562,656841.784,7.154
225,1597994.739,656880.947,7.303
226,1598011.782,656892.806,7.248
227,1598028.818,656904.318,7.393
228,1598047.04,656914.165,7.457
229,1598066.003,656922.862,7.405
230,1598084.623,656930.448,7.405
231,1598103.891,656937.297,7.406
232,1598123.167,656943.412,7.424
233,1598142.492,656949.049,7.515
234,1598162.395,656954.46,7.614
235,1598182.629,656956.879,7.648
236,1598203.572,656956.322,7.529
237,1598224.242,656957.128,7.577
238,1598244.463,656958.101,7.633
239,1598264.588,656959.017,7.631
240,1598284.778,656959.816,7.645
241,1598305.196,656960.819,7.636
242,1598325.978,656961.699,7.641
243,1598347.043,656962.593,7.658
244,1598367.103,656963.643,7.67
245,1598387.287,656964.756,7.669
246,1598407.483,656965.629,7.65
247,1598427.465,656966.391,7.637
248,1598448.138,656967.339,7.636
249,1598469.897,656968.317,7.657
250,1598490.632,656969.209,7.644
251,1598510.695,656970.044,7.659
252,1598530.866,656970.885,7.645
253,1598550.897,656971.75,7.662
254,1598570.842,656972.678,7.655
255,1598592.002,656973.585,7.684
256,1598613.171,656974.422,7.621
257,1598633.201,656975.227,7.623
258,1598653.335,656976.27,7.673
259,1598674.412,656977.338,7.646
260,1598695.485,656978.382,7.653
261,1598716.351,656979.269,7.666
262,1598736.913,656980.146,7.654
263,1598757.393,656981.083,7.646
264,1598778.211,656981.947,7.634
265,1598799.047,656982.86,7.705
266,1598819.362,656983.352,7.7
267,1598839.596,656983.755,7.646
268,1598859.672,656984.514,7.7
269,1598879.626,656984.819,7.672
270,1598900.542,656984.804,7.663
271,1598920.572,656984.678,7.668
272,1598941.75,656984.391,7.665
273,1598961.787,656983.862,7.647
274,1598981.914,656983.038,7.626
275,1599001.873,656982.156,7.611
276,1599021.83,656981.027,7.518
277,1599041.736,656979.665,7.509
278,1599062.223,656978.2,7.5
279,1599083.133,656976.426,7.493
280,1599103.795,656974.49,7.524
281,1599124.491,656972.354,7.576
282,1599145.296,656969.937,7.591
283,1599166.278,656967.393,7.59
284,1599187.065,656965.036,7.605
285,1599207.571,656962.522,7.583
286,1599228.051,656959.913,7.581
287,1599248.501,656957.25,7.609
288,1599268.977,656954.73,7.543
289,1599289.431,656952.08,7.555
290,1599309.861,656949.189,7.533
291,1599330.265,656945.99,7.549
292,1599350.38,656942.884,7.528
293,1599370.406,656939.991,7.567
294,1599390.347,656936.997,7.543
295,1599410.332,656933.91,7.525
296,1599430.256,656930.831,7.524
297,1599450.126,656927.688,7.543
298,1599470.884,656924.649,7.527
299,1599490.869,656921.322,7.515
300,1599510.632,656918.129,7.556
301,1599531.598,656914.91,7.528
302,1599552.735,656911.72,7.559
303,1599572.455,656908.462,7.565
304,1599592.829,656905.059,7.548
305,1599613.181,656901.754,7.587
306,1599634.857,656898.244,7.609
307,1599655.601,656894.918,7.592
308,1599675.596,656891.747,7.568
309,1599695.622,656888.605,7.568
310,1599716.008,656885.355,7.56
311,1599736.699,656882.065,7.549
312,1599757.703,656878.617,7.539
313,1599778.719,656875.083,7.573
314,1599799.177,656871.788,7.533
315,1599819.293,656868.591,7.533
316,1599840.818,656865.214,7.517
317,1599864.319,656861.373,7.508
318,1599884.25,656858.04,7.503
319,1599904.592,656854.613,7.509
320,1599925.076,656851.061,7.449
321,1599945.437,656847.447,7.472
322,1599966.156,656843.682,7.476
323,1599987.153,656839.795,7.48
324,1600008.321,656835.423,7.446
325,1600029.603,656830.739,7.463
326,1600116.997,656808.221,7.433
327,1600136.305,656802.735,7.45
328,1600155.609,656797.15,7.406
329,1600174.939,656791.41,7.447
330,1600194.108,656785.286,7.418
331,1600214.021,656778.889,7.448
332,1600233.045,656772.657,7.478
333,1600252.64,656765.496,7.431
334,1600272.51,656758.125,7.447
335,1600291.962,656750.747,7.403
336,1600311.097,656743.325,7.447
337,1600330.716,656735.421,7.414
338,1600371.994,656717.226,7.389
339,1600390.751,656709.131,7.389
340,1600409.104,656700.815,7.393
341,1600427.82,656692.075,7.393
342,1600446.754,656682.933,7.384
343,1600464.939,656674.147,7.401
344,1600483.3,656665.044,7.374
345,1600501.146,656655.638,7.352
346,1600518.721,656645.648,7.311
347,1600535.999,656635.51,7.285
348,1600553.903,656624.932,7.311
349,1600571.839,656614.357,7.353
350,1600590.123,656603.587,7.334
351,1600607.49,656593.301,7.33
352,1600625.543,656582.439,7.313
353,1600643.138,656570.683,7.296
354,1600660.122,656558.881,7.266
355,1600677.614,656546.911,7.277
356,1600693.974,656535.219,7.292
357,1600710.36,656523.082,7.312
358,1600727.113,656510.795,7.303
359,1600743.662,656498.384,7.31
360,1600759.709,656485.676,7.286
361,1600775.924,656472.291,7.314
362,1600792.326,656458.891,7.263
363,1600807.954,656446.308,7.222
364,1600823.435,656432.968,7.216
365,1600838.833,656419.344,7.261
366,1600854.168,656405.728,7.255
367,1600869.313,656392.187,7.204
368,1600884.851,656377.858,7.204
369,1600899.825,656363.501,7.227
370,1600914.055,656349.427,7.206
371,1600929.112,656334.352,7.257
372,1600943.311,656320.225,7.232
373,1600958.154,656305.372,7.241
374,1600972.762,656290.35,7.236
375,1600986.846,656275.54,7.217
376,1601001.02,656260.606,7.193
377,1601015.256,656245.744,7.204
378,1601029.338,656231.09,7.229
379,1601043.333,656216.467,7.242
380,1601057.42,656201.597,7.226
381,1601071.494,656186.761,7.235
382,1601086.786,656170.839,7.252
383,1601101.474,656155.63,7.263
384,1601115.969,656140.427,7.253
385,1601130.648,656124.929,7.289
386,1601144.496,656110.374,7.29
387,1601158.663,656095.645,7.265
388,1601172.943,656080.967,7.272
389,1601187.148,656066.434,7.338
390,1601201.02,656051.859,7.33
391,1601214.905,656037.13,7.299
392,1601229.176,656022.22,7.311
393,1601243.489,656007.275,7.298
394,1601257.871,655992.374,7.333
395,1601272.136,655977.504,7.338
396,1601286.408,655962.433,7.329
397,1601300.561,655947.288,7.326
398,1601314.381,655932.67,7.48
399,1601328.572,655917.946,7.465
400,1601343.572,655902.679,7.473
401,1601358.197,655887.396,7.537
402,1601372.838,655871.768,7.569
403,1601387.736,655856.366,7.542
404,1601402.367,655841.286,7.541
405,1601416.464,655826.411,7.573
406,1601430.409,655811.398,7.573
407,1601444.926,655796.939,7.604
408,1601458.956,655781.762,7.599
409,1601473.191,655767.07,7.617
410,1601487.542,655752.203,7.614
411,1601501.455,655737.666,7.567
412,1601515.775,655722.569,7.581
413,1601529.724,655707.983,7.578
414,1601543.772,655693.335,7.561
415,1601558.071,655678.408,7.556
416,1601572.04,655663.924,7.587
417,1601586.203,655649.371,7.585
418,1601600.389,655634.389,7.559
419,1601615.877,655617.85,7.57
420,1601629.588,655603.279,7.555
421,1601643.521,655588.879,7.559
422,1601657.604,655574.548,7.585
423,1601671.589,655560.251,7.624
424,1601686.508,655544.778,7.607
425,1601700.328,655529.978,7.618
426,1601714.267,655515.215,7.57
427,1601728.893,655500.159,7.537
428,1601743.158,655485.422,7.518
429,1601757.124,655470.708,7.504
430,1601771.307,655455.801,7.533
431,1601785.29,655440.842,7.539
432,1601799.83,655425.536,7.559
433,1601814.911,655410.031,7.534
434,1601830.055,655394.458,7.576
435,1601844.77,655378.999,7.642
436,1601859.414,655364.314,7.726
437,1601875.095,655350.616,7.769
438,1601892.558,655338.216,7.756
439,1601910.219,655328.538,7.735
440,1601929.262,655320.91,7.763
441,1601949.193,655315.357,7.788
442,1601969.353,655311.8,7.825
443,1601989.528,655309.863,7.776
444,1602009.797,655309.177,7.719
445,1602030.004,655308.779,7.683
446,1602050.183,655308.246,7.632
447,1602070.98,655307.773,7.633
448,1602091.777,655307.458,7.656
449,1602112.63,655307.342,7.689
450,1602133.396,655307.276,7.704
451,1602153.901,655307.004,7.703
452,1602174.699,655306.537,7.706
453,1602196.033,655306.17,7.741
454,1602217.32,655305.989,7.76
455,1602238.192,655305.825,7.767
456,1602258.645,655305.606,7.79
457,1602280.119,655305.11,7.748
458,1602301.275,655304.697,7.788
459,1602322.344,655304.656,7.789
460,1602342.559,655304.508,7.773
461,1602363.167,655304.533,7.836
462,1602384.214,655304.508,7.819
463,1602404.492,655303.439,7.821
464,1602412.401,655284.543,7.089
465,1602411.707,655263.773,6.913
466,1602410.828,655242.905,6.794
467,1602410.216,655222.614,6.722
468,1602409.289,655201.584,6.691
469,1602408.91,655180.961,6.779
470,1602408.411,655159.896,6.814
471,1602407.197,655139.571,6.806
472,1602403.52,655057,6.64
473,1602398.081,654951.502,6.459
474,1602398.715,654930.895,6.499
475,1602398.134,654910.439,6.521
476,1602397.381,654890.22,6.561
477,1602396.687,654869.51,6.584
478,1602393.947,654812.682,6.636
479,1602393.713,654792.498,6.613
480,1602392.482,654772.074,6.727
481,1602390.934,654744.525,6.714
482,1602389.916,654724.168,6.709
483,1602389.204,654703.982,6.82
484,1602386.537,654654.093,6.642
485,1602373.8,654330.256,6.282
486,1602373.952,654309.9,6.3
487,1602351.293,653841.592,6.23
488,1602355.387,653821.596,6.304
489,1601642.684,655593.144,7.652
490,1601654.376,655576.759,7.592
491,1601668.312,655562.325,7.63
492,1601682.959,655547.411,7.642
493,1601697.711,655532.152,7.688
494,1601712.354,655516.95,7.627
495,1601726.848,655501.787,7.623
496,1601741.511,655486.279,7.58
497,1601756.394,655470.636,7.582
498,1601772.71,655453.713,7.582
499,1601786.62,655439.119,7.597
500,1601800.816,655424.275,7.606
501,1601815.152,655409.213,7.59
502,1601829.429,655394.084,7.631
503,1601843.636,655379.351,7.711
504,1601858.363,655364.869,7.798
505,1601874.028,655351.125,7.844
506,1601891.503,655338.441,7.854
507,1601909.372,655328.511,7.845
508,1601928.508,655320.867,7.818
509,1601948.072,655315.186,7.869
510,1601969.338,655311.538,7.883
511,1601989.638,655309.824,7.848
512,1602010.146,655308.863,7.792
513,1602030.597,655308.375,7.717
514,1602051.1,655308.047,7.681
515,1602071.747,655307.72,7.679
516,1602092.323,655307.298,7.7
517,1602113.202,655307.021,7.715
518,1602134.155,655306.843,7.749
519,1602155.298,655306.614,7.749
520,1602176.612,655306.331,7.716
521,1602198.173,655306.072,7.76
522,1602220.327,655306.021,7.792
523,1602240.454,655305.834,7.797
524,1602262.352,655305.594,7.806
525,1602283.315,655305.275,7.797
526,1602304.115,655305.011,7.834
527,1602324.678,655304.767,7.821
528,1602344.667,655304.512,7.814
529,1602364.945,655304.236,7.849
530,1602385.498,655303.904,7.836
531,1602405.51,655303.349,7.837
532,1602425.982,655302.807,7.886
533,1602446.588,655302.36,7.824
534,1602467.953,655301.776,7.853
535,1602488.944,655302.746,7.902
536,1602508.667,655305.691,7.931
537,1602198.743,655303.359,7.729
538,1602219.315,655303.018,7.753
539,1602239.767,655302.92,7.791
540,1602260.054,655302.687,7.799
541,1602280.004,655302.303,7.755
542,1602300.426,655301.901,7.786
543,1602320.619,655301.785,7.814
544,1602340.822,655301.818,7.804
545,1602361.915,655301.691,7.837
546,1602382.367,655301.52,7.839
547,1602402.405,655301.402,7.849
548,1602414.69,655285.049,7.133
549,1602412.448,655252.438,6.794
550,1602413.4,655232.206,6.746
551,1602412.852,655211.354,6.711
552,1602412.206,655190.394,6.738
553,1602411.619,655169.582,6.797
554,1602410.966,655149.481,6.856
555,1602410.16,655128.214,6.824
556,1602409.412,655107.145,6.691
557,1602408.658,655086.397,6.611
558,1602407.768,655065.745,6.699
559,1602403.88,655010.622,6.659
560,1602403.554,654990.209,6.707
561,1602402.839,654970.045,6.653
562,1602402.337,654949.335,6.707
563,1602401.348,654927.451,6.52
564,1602400.076,654880.097,6.689
565,1602399.208,654859.534,6.696
566,1602398.561,654838.704,6.702
567,1602397.766,654818.585,6.726
568,1602397.279,654797.805,6.672
569,1602396.43,654776.905,6.704
570,1602395.362,654756.607,6.836
571,1602393.806,654736.043,6.736
572,1602391.248,654690.221,6.719
573,1602389.269,654650.582,6.624
574,1602387.135,654603.721,6.635
575,1602386.402,654581.012,6.583
576,1602384.722,654520.904,6.502
577,1602383.733,654500.861,6.534
578,1602383.113,654480.657,6.496
579,1602382.507,654460.297,6.468
580,1602382.161,654439.947,6.476
581,1602380.956,654419.593,6.579
582,1602379.86,654399.305,6.468
583,1602380.093,654379.178,6.522
584,1602379.664,654358.376,6.475
585,1602379.114,654338.02,6.499
586,1602378.527,654316.144,6.562
587,1602375.259,654270.031,6.453
588,1602376.061,654249.746,6.485
589,1602375.579,654228.978,6.506
590,1602374.019,654208.173,6.518
591,1602373.412,654187.918,6.54
592,1602372.07,654167.684,6.586
593,1602371.061,654147.572,6.511
594,1602369.944,654127.408,6.444
595,1602369.1,654106.37,6.457
596,1602368.493,654085.642,6.476
597,1602367.915,654064.906,6.502
598,1602367.344,654043.74,6.516
599,1602367.507,654022.534,6.549
600,1602366.682,654001.716,6.481
601,1602365.679,653980.421,6.51
602,1602364.972,653959.829,6.511
603,1602359.597,653886.381,6.511
604,1602359.087,653865.988,6.457
605,1602358.558,653845.782,6.349
606,1602358.214,653825.405,6.432
607,1602358.451,653804.983,6.542
608,1602357.11,653783.111,6.518
609,1602355.479,653762.261,6.518
610,1602354.432,653741.947,6.458
611,1602353.293,653721.404,6.395
612,1602352.463,653701.129,6.475
613,1602351.507,653680.636,6.458
614,1602350.519,653660.052,6.431
615,1602349.606,653639.6,6.4
616,1602348.79,653619.378,6.397
617,1602347.808,653598.343,6.337
618,1602345.823,653563.494,6.427
619,1602346.172,653542.887,6.469
620,1602346.508,653522.288,6.483
621,1602344.543,653501.995,6.464
622,1602343.617,653480.987,6.458
623,1602341.222,653446.243,6.419
624,1602341.064,653426.044,6.36
625,1602340.223,653405.322,6.437
626,1602339.489,653385.003,6.387
627,1602338.616,653364.337,6.343
628,1602337.633,653344.063,6.346
629,1602336.689,653323.567,6.283
630,1602335.812,653302.887,6.237
631,1602335.404,653282.608,6.229
632,1602332.577,653231.353,6.129
633,1602331.998,653211.292,6.171
634,1602331.335,653190.922,6.345
635,1602331.012,653170.73,6.349
636,1602329.984,653150.173,6.35
637,1602329.259,653129.275,6.329
638,1602328.711,653108.718,6.277
639,1602327.064,653075.862,5.933
640,1602326.669,653055.663,5.699
641,1602326.571,653035.12,5.679
642,1602325.814,653014.448,5.754
643,1602321.722,652968.771,6.278
644,1602321.225,652948.702,6.365
645,1602320.488,652928.47,6.342
646,1602319.43,652908.426,6.309
647,1602318.619,652887.832,6.283
648,1602317.648,652867.77,6.205
649,1602316.859,652847.028,6.245
650,1602316.128,652826.152,6.242
651,1602315.27,652805.466,6.196
652,1602313.038,652773.969,6.237
653,1602312.457,652753.49,6.231
654,1602312.14,652732.675,6.234
655,1602311.093,652712.066,6.171
656,1602310.123,652691.439,6.193
657,1602309.142,652670.737,6.238
658,1602308.103,652647.327,6.211
659,1602306.98,652621.741,6.235
660,1602306.394,652600.821,6.241
661,1602303.319,652551.598,6.338
662,1602303.132,652530.994,6.31
663,1602302.487,652510.125,6.303
664,1602301.714,652489.936,6.264
665,1602300.933,652469.03,6.286
666,1602300.025,652448.467,6.317
667,1602299.177,652427.614,6.276
668,1602298.536,652407.466,6.254
669,1602295.759,652360.958,6.26
670,1602296.487,652340.173,6.279
671,1602295.912,652319.549,6.284
672,1602295.202,652299.069,6.242
673,1602294.688,652278.642,6.254
674,1602294.034,652258.429,6.237
675,1602293.314,652238.177,6.249
676,1602292.659,652217.852,6.311
677,1602291.947,652197.255,6.241
678,1602291.049,652174.387,6.198
679,1602289.69,652153.683,6.259
680,1602289.632,652133.278,6.276
681,1602288.967,652112.345,6.256
682,1602288.152,652091.854,6.239
683,1602287.758,652070.126,6.267
684,1602287.952,652049.726,6.264
685,1602287.046,652029.569,6.301
686,1602286.512,652008.806,6.292
687,1602286.142,651988.512,6.234
688,1602285.206,651968.422,6.147
689,1602284.243,651947.555,6.171
690,1602283.814,651926.904,6.178
691,1602283.204,651906.194,6.193
692,1602282.519,651885.984,6.188
693,1602281.929,651865.783,6.131
694,1602279.667,651825.314,6.12
695,1602279.759,651804.875,6.112
696,1602279.198,651784.758,6.138
697,1602277.135,651752.771,6.891
698,1602277.268,651737.518,6.074
699,1602276.919,651696.563,6.004
700,1602276.889,651672.719,5.955
701,1602274.253,651633.475,5.965
702,1602273.399,651613.354,5.875
703,1602272.781,651590.713,5.997
704,1602272.476,651567.743,6.009
705,1602271.725,651533.793,6.006
706,1602271.474,651513.551,6.055
707,1602270.823,651493.016,6.021
708,1602269.735,651472.613,5.946
709,1602269.785,651452.378,5.952
710,1602268.326,651411.688,5.955
711,1602268.199,651391.318,5.982
712,1602266.463,651341.204,5.936
713,1602266.006,651321.123,5.944
714,1602266.061,651300.741,5.981
715,1602265.826,651280.294,6.002
716,1602265.443,651259.606,5.84
717,1602263.603,651220.469,5.929
718,1602264.284,651199.38,6.034
719,1602261.121,651142.762,6.008
720,1602260.971,651122.288,5.991
721,1602260.266,651101.869,5.933
722,1602259.843,651081.623,6.097
723,1602259.218,651061.538,5.968
724,1602259.068,651041.317,6.078
725,1602258.582,651020.779,6.054
726,1602257.846,651000.095,6.049
727,1602257.606,650979.624,6.06
728,1602257.214,650959.011,6.037
729,1602256.608,650938.767,6.057
730,1602255.846,650918.388,6.009
731,1602255.183,650897.997,6.056
732,1602254.696,650877.448,6.049
733,1602254.569,650856.889,6.065
734,1602254.043,650836.55,6.005
735,1602253.122,650816.074,5.982
736,1602252.927,650795.943,6.008
737,1602252.135,650775.706,5.995
738,1602251.382,650755.423,6.051
739,1602248.151,650706.451,6.099
740,1602247.026,650685.068,6.104
741,1602245.111,650665.07,6.074
742,1602243.292,650644.591,6.094
743,1602232.158,650579.441,6.063
744,1602219.865,650527.146,5.883
745,1602215.572,650506.941,5.927
746,1602210.414,650487.208,5.97
747,1602204.351,650467.432,5.854
748,1602192.164,650435.114,5.751
749,1602183.775,650416.405,5.812
750,1602158.74,650368.771,5.856
751,1602149.698,650350.686,5.924
752,1602140.531,650332.56,5.887
753,1602131.107,650314.513,5.893
754,1602122.072,650296.441,5.914
755,1602113.102,650277.98,5.953
756,1602101.656,650261.451,5.908
757,1602090.246,650244.091,5.904
758,1602064.961,650211.179,6.042
759,1602053.161,650194.626,6.164
760,1602040.699,650178.046,6.165
761,1602028.376,650162.268,6.158
762,1602015.576,650146.774,6.194
763,1602002.186,650131.339,6.188
764,1601988.865,650115.414,6.192
765,1601975.942,650100.08,6.152
766,1601963.24,650084.479,6.225
767,1601950.082,650068.704,6.113
768,1601933.144,650049.003,6.188
769,1601919.855,650033.801,6.148
770,1601891.96,650001.444,6.202
771,1601879.091,649985.976,6.186
772,1601866.204,649970.27,6.235
773,1601853.647,649954.645,6.232
774,1601840.009,649939.249,6.222
775,1601826.671,649923.713,6.213
776,1601813.73,649908.285,6.218
777,1601800.488,649892.664,6.201
778,1601787.294,649877.092,6.253
779,1601773.902,649861.294,6.214
780,1601760.319,649845.539,6.221
781,1601746.875,649830.557,6.141
782,1601733.723,649814.682,6.212
783,1601720.797,649799.194,6.185
784,1601707.901,649783.894,6.249
785,1601694.498,649768.046,6.224
786,1601680.983,649752.128,6.22
787,1601667.947,649736.398,6.225
788,1601654.683,649720.52,6.228
789,1601641.275,649704.559,6.2
790,1601628.128,649689.019,6.243
791,1601614.669,649673.549,6.239
792,1601601.672,649658.268,6.202
793,1601588.651,649642.475,6.25
794,1601575.455,649626.707,6.246
795,1601561.886,649610.907,6.163
796,1601548.221,649595.245,6.093
797,1601535.228,649579.402,6.132
798,1601522.223,649563.695,6.135
799,1601508.982,649547.448,6.184
800,1601495.676,649531.86,6.151
801,1601482.585,649516.689,6.122
802,1601469.4,649501.357,6.137
803,1601456.029,649485.767,6.174
804,1601442.45,649469.942,6.143
805,1601429,649453.89,6.128
806,1601415.481,649438.108,6.117
807,1601401.73,649422.103,6.182
808,1601388.617,649406.586,6.32
809,1601345.374,649356.619,6.094
810,1601332.58,649340.664,6.099
811,1601319.349,649324.987,6.104
812,1601306.062,649309.541,6.08
813,1601292.841,649293.509,6.173
814,1601279.892,649277.536,6.203
815,1601266.668,649261.881,6.194
816,1601253.354,649246.313,6.182
817,1601240.177,649230.883,6.236
818,1601226.989,649215.699,6.095
819,1601213.616,649199.775,6.206
820,1601200.764,649183.962,6.191
821,1601187.145,649168.161,6.213
822,1601173.763,649153.118,6.204
823,1601160.458,649137.585,6.149
824,1601147.171,649121.422,6.201
825,1601133.652,649105.522,6.223
826,1601120.737,649090.207,6.216
827,1601107.656,649074.732,6.189
828,1601094.322,649058.967,6.175
829,1601081.162,649043.534,6.15
830,1601067.704,649027.957,6.16
831,1601054.517,649012.471,6.163
832,1601041.412,648996.803,6.16
833,1601028.785,648980.988,6.153
834,1601016.064,648965.521,6.124
835,1601003.003,648949.647,5.687
836,1600989.852,648933.921,5.899
837,1600976.107,648919.227,6.087
838,1600962.717,648903.885,6.134
839,1600949.62,648888.526,6.183
840,1600936.025,648872.73,6.227
841,1600922.693,648857.47,6.195
842,1600909.445,648841.88,6.206
843,1600895.881,648825.986,6.24
844,1600882.661,648810.329,6.207
845,1600869.621,648794.67,6.234
846,1600856.149,648778.837,6.221
847,1600842.83,648763.026,6.207
848,1600829.456,648747.209,6.191
849,1600815.915,648731.39,6.206
850,1600802.361,648715.755,6.213
851,1600788.834,648700.435,6.204
852,1600774.797,648685.328,6.167
853,1600760.092,648670.312,6.206
854,1600745.523,648655.808,6.172
855,1600730.003,648640.75,6.145
856,1600715.016,648627.008,6.17
857,1600699.561,648613.177,6.105
858,1600683.711,648599.598,6.055
859,1600668.267,648586.679,5.968
860,1600652.741,648573.898,5.973
861,1600637.158,648561.182,6.028
862,1600620.763,648547.963,6.047
863,1600604.231,648535.314,6.036
864,1600586.958,648523.068,5.981
865,1600569.353,648511.994,5.967
866,1600550.456,648502.349,5.959
867,1600531.984,648494.162,5.962
868,1600512.786,648486.24,5.911
869,1600492.773,648477.99,5.946
870,1600473.004,648470.152,5.982
871,1600454.167,648463.017,5.971
872,1600435.06,648455.683,5.95
873,1600415.499,648448.655,5.91
874,1600395.487,648441.993,5.878
875,1600376.482,648435.856,5.894
876,1600355.925,648429.436,5.922
877,1600335.425,648423.346,5.949
878,1600314.756,648417.961,5.875
879,1600293.539,648413.724,5.96
880,1600271.591,648409.891,6.16
881,1600251.408,648406.34,6.069
882,1600231.59,648403.094,5.903
883,1600210.217,648399.214,5.941
884,1600189.311,648396.585,5.951
885,1600168.296,648394.421,5.946
886,1600146.721,648391.685,5.857
887,1600126.887,648389.136,5.925
888,1600106.743,648386.528,5.893
889,1600086.511,648383.875,5.898
890,1600065.217,648381.082,5.912
891,1600043.945,648378.529,5.904
892,1600022.748,648375.732,5.929
893,1600002.635,648373.394,5.925
894,1599922.458,648364.198,5.906
895,1599902.428,648360.957,5.858
896,1599882.342,648358.05,5.885
897,1599862.229,648355.069,5.898
898,1599842.299,648352.303,5.899
899,1599822.306,648350.079,5.809
900,1599802.005,648347.433,5.75
901,1599781.138,648344.661,5.778
902,1599761.335,648342.07,5.854
903,1599741.184,648339.617,5.868
904,1599721.117,648336.893,5.857
905,1599701.259,648334.332,5.91
906,1599680.765,648331.722,5.921
907,1599660.464,648329.129,5.9
908,1599642.346,648326.878,5.928
909,1599622.261,648324.237,5.89
910,1599602.337,648321.94,5.934
911,1599582.063,648319.505,5.903
912,1599562.221,648316.615,5.91
913,1599541.559,648314.034,5.946
914,1599521.577,648311.764,5.924
915,1599500.903,648309.158,5.946
916,1599480.016,648306.06,5.943
917,1599459.706,648303.313,5.94
918,1599439.63,648300.772,5.939
919,1599418.696,648297.864,5.936
920,1599398.235,648294.877,5.923
921,1599378.229,648292.493,5.959
922,1599358.252,648290.136,5.9
923,1599337.761,648287.144,5.916
924,1599316.976,648284.364,5.94
925,1599295.43,648281.768,5.933
926,1599274.445,648279.335,5.923
927,1599253.93,648276.637,5.933
928,1599233.816,648274.199,5.939
929,1599212.984,648271.876,5.925
930,1599191.939,648269.608,5.879
931,1599171.992,648267.614,6.025
932,1599151.56,648266.229,5.943
933,1599130.513,648264.996,5.932
934,1599109.599,648263.331,5.949
935,1599089.15,648261.604,5.868
936,1599068.431,648258.551,5.758
937,1599047.951,648257.682,5.702
938,1599027.932,648261.123,5.767
939,1599007.474,648258.017,5.904
940,1598986.621,648255.742,5.999
941,1598966.024,648253.513,5.977
942,1598944.961,648251.97,5.992
943,1598925.043,648251.012,5.988
944,1598904.083,648249.838,5.945
945,1598883.791,648248.612,5.948
946,1598863.235,648247.497,5.911
947,1598842.815,648246.673,5.947
948,1598822.458,648246.072,5.962
949,1598801.95,648245.533,5.933
950,1598781.152,648245.018,5.923
951,1598760.862,648244.822,5.94
952,1598739.6,648245.059,5.934
953,1598718.827,648245.392,5.915
954,1598698.766,648245.894,5.912
955,1598678.176,648246.216,5.98
956,1598655.438,648246.565,5.951
957,1598634.006,648246.707,5.942
958,1598613.227,648246.675,5.942
959,1598591.897,648246.948,5.94
960,1598571.042,648247.574,5.949
961,1598549.482,648248.162,5.946
962,1598529.398,648248.488,5.947
963,1598509.447,648248.637,5.933
964,1598489.249,648248.851,5.959
965,1598469.129,648248.906,5.925
966,1598446.588,648249.06,5.919
967,1598426.071,648249.207,5.956
968,1598404.695,648249.495,5.927
969,1598384.313,648249.696,5.952
970,1598364.02,648250.104,5.924
971,1598342.456,648250.469,5.953
972,1598322.465,648250.901,5.897
973,1598302.196,648250.868,5.877
974,1598281.941,648251.014,5.883
975,1598261.643,648251.441,5.924
976,1598241.226,648251.816,5.889
977,1598220.742,648251.932,5.888
978,1598200.237,648252.146,5.901
979,1598179.65,648252.21,5.91
980,1598158.965,648252.283,5.954
981,1598138.062,648252.611,5.934
982,1598116.958,648253.107,5.907
983,1598095.578,648253.54,5.905
984,1598074.176,648253.728,5.902
985,1598052.743,648253.889,5.922
986,1598031.438,648253.935,5.932
987,1598010.248,648254.157,5.955
988,1597989.356,648254.356,5.943
989,1597968.691,648254.894,5.926
990,1597948.058,648255.473,5.885
991,1597927.609,648256.065,5.912
992,1597907.335,648256.413,5.873
993,1597886.65,648256.604,5.914
994,1597865.836,648256.76,5.912
995,1597844.891,648256.965,5.871
996,1597824.066,648257.243,5.902
997,1597803.305,648257.33,5.872
998,1597782.629,648257.452,5.897
999,1597762.058,648257.787,5.889
1000,1597741.477,648258.037,5.857
1001,1597721.068,648258.335,5.872
1002,1597700.812,648258.762,5.851
1003,1597680.224,648258.99,5.867
1004,1597659.377,648259.215,5.873
1005,1597638.575,648259.389,5.823
1006,1597617.756,648259.157,5.872
1007,1597596.684,648259.125,5.861
1008,1597575.755,648259.483,5.878
1009,1597555.514,648259.938,5.864
1010,1597535.443,648260.13,5.888
1011,1597514.527,648260.352,5.912
1012,1597494.237,648260.451,5.898
1013,1597473.655,648260.404,5.865
1014,1597453.615,648260.451,5.905
1015,1597433.129,648260.625,5.787
1016,1597413.017,648260.223,5.551
1017,1597392.256,648260.075,5.597
1018,1597371.257,648260.445,5.814
1019,1597350.924,648260.459,5.85
1020,1597330.385,648260.69,5.87
1021,1597310.381,648260.974,5.887
1022,1597289.284,648261.008,5.889
1023,1597267.946,648261.014,6.027
1024,1597209.822,648262.77,5.835
1025,1597189.539,648261.67,5.999
1026,1597169.051,648261.557,5.971
1027,1597148.528,648261.875,6.006
1028,1597127.668,648261.726,5.975
1029,1597106.583,648260.897,5.89
1030,1597085.786,648260.207,5.948
1031,1597065.3,648260.899,6.045
1032,1597031.721,648264.588,5.917
1033,1597011.209,648264.314,5.89
1034,1596990.576,648264.064,5.786
1035,1596969.975,648264.067,5.791
1036,1596949.341,648264.429,5.884
1037,1596928.706,648264.571,5.832
1038,1596908.511,648264.382,5.851
1039,1596887.371,648264.461,5.847
1040,1596867.427,648264.631,5.855
1041,1596847.288,648264.83,5.799
1042,1596826.689,648264.858,5.844
1043,1596806.694,648265.736,5.833
1044,1596796.508,648283.862,5.969
1045,1596796.54,648304.774,6.17
1046,1596796.928,648325.25,6.274
1047,1596797.213,648346.293,6.343
1048,1596797.598,648367.082,6.446
1049,1596797.649,648387.359,6.346
1050,1596798.027,648407.546,6.334
1051,1596798.635,648458.717,6.51
1052,1596786.336,648577.052,6.48
1053,1596779.913,648596.958,6.573
1054,1596773.155,648615.986,6.395
1055,1596764.923,648634.607,6.451
1056,1596755.985,648653.158,6.493
1057,1596745.864,648671.209,6.508
1058,1596734.95,648688.742,6.48
1059,1596702.159,648734.48,6.431
1060,1596689.302,648750.365,6.462
1061,1596676.286,648766.177,6.478
1062,1596663.897,648782.868,6.556
1063,1596652.421,648800.915,6.529
1064,1596641.11,648817.982,6.589
1065,1596629.046,648834.113,6.526
1066,1596617.049,648850.566,6.44
1067,1596604.818,648866.619,6.419
1068,1596593.473,648883.432,6.421
1069,1596581.797,648900.128,6.429
1070,1596570.22,648916.544,6.407
1071,1594403.865,655073.039,6.515
1072,1594390.853,655057.268,6.796
1073,1594375.362,655042.491,7.062
1074,1594360.263,655027.258,7.143
1075,1594345.245,655011.93,7.225
1076,1594330.387,654997.8,7.228
1077,1594315.332,654983.027,7.231
1078,1594299.8,654968.131,7.223
1079,1594283.994,654952.938,7.191
1080,1594269.416,654938.835,7.173
1081,1594254.66,654924.496,7.161
1082,1594239.926,654909.783,7.145
1083,1594224.985,654894.951,7.116
1084,1594209.891,654880.101,7.136
1085,1594194.817,654865.178,7.131
1086,1594179.797,654850.301,7.072
1087,1594165.156,654835.588,7.03
1088,1594150.648,654820.945,7.068
1089,1594135.712,654806.003,7.085
1090,1594121.249,654791.839,7.182
1091,1594106.725,654777.714,7.208
1092,1594092.298,654762.125,7.176
1093,1594079.484,654746.575,7.195
1094,1594064.67,654731.501,7.21
1095,1594050.582,654716.365,7.197
1096,1594033.862,654700.561,6.92
1097,1594018.932,654685.805,6.8
1098,1594004.2,654671.239,6.983
1099,1593989.97,654657.045,7.135
1100,1593975.104,654642.4,7.138
1101,1593958.105,654627.026,7.172
1102,1593943.132,654613.072,7.243
1103,1593928.843,654598.1,7.278
1104,1593913.45,654583.485,7.316
1105,1593898.927,654569.429,7.311
1106,1593884.149,654555.582,7.312
1107,1593868.538,654541.4,7.309
1108,1593853.95,654527.419,7.269
1109,1593838.426,654511.267,7.247
1110,1593823.677,654496.329,7.288
1111,1593808.498,654481.143,7.301
1112,1593793.497,654466.402,7.308
1113,1593777.759,654452.178,7.19
1114,1593761.952,654438.865,7.135
1115,1593744.741,654425.825,7.152
1116,1593726.132,654413.418,7.251
1117,1593708.633,654402.938,7.295
1118,1593687.678,654392.631,7.275
1119,1593668.517,654384.362,7.272
1120,1593649.1,654377.15,7.298
1121,1593629.178,654371.88,7.272
1122,1593609.244,654367.172,7.248
1123,1593589.581,654363.407,7.216
1124,1593556.236,654360.538,7.169
1125,1593535.442,654361.256,7.166
1126,1593514.967,654362.119,7.107
1127,1593447.144,654363.832,7.025
1128,1593467.652,654363.647,7.009
1129,1593488.066,654363.179,7
1130,1593508.287,654362.875,7.032
1131,1593461.65,654363.283,7.027
1132,1593441.704,654363.774,7.045
1133,1593421.614,654364.401,7.016
1134,1593399.914,654364.626,7.002
1135,1593378.876,654364.699,7.044
1136,1593357.043,654364.958,7.104
1137,1593336.478,654365.28,7.078
1138,1593313.121,654365.737,7.156
1139,1593291.172,654366.123,7.192
1140,1593271.066,654366.314,7.203
1141,1593250.674,654366.56,7.195
1142,1593229.902,654366.866,7.187
1143,1593208.609,654367.025,7.172
1144,1593186.747,654367.071,7.179
1145,1593164.422,654366.984,7.223
1146,1593144.221,654366.884,7.275
1147,1593123.764,654366.897,7.291
1148,1593103.085,654367.141,7.325
1149,1593082.182,654367.487,7.331
1150,1593061.117,654367.73,7.303
1151,1593018.549,654368.111,7.276
1152,1592997.284,654368.32,7.295
1153,1592906.666,654370.171,7.273
1154,1592886.035,654370.843,7.287
1155,1592865.336,654372.875,7.287
1156,1592844.7,654376.845,7.31
1157,1592824.761,654381.275,7.316
1158,1592803.976,654386.734,7.354
1159,1592782.718,654393.422,7.208
1160,1592758.845,654402.196,7.23
1161,1592739.723,654410.228,7.224
1162,1592720.61,654419.122,7.172
1163,1592696.918,654431.575,7.153
1164,1592678.351,654442.624,7.113
1165,1592660.473,654454.249,7.138
1166,1592643.21,654465.939,7.146
1167,1592624.71,654478.971,7.168
1168,1592605.271,654492.984,7.096
1169,1592588.37,654505.439,6.983
1170,1592571.724,654517.4,6.622
1171,1592555.158,654529.706,5.806
1172,1592538.387,654542.558,5.298
1173,1592522.218,654555.867,5.418
1174,1592506.5,654568.829,6.209
1175,1592489.758,654581.504,6.595
1176,1592473.473,654594.215,6.625
1177,1592457.228,654607.183,6.672
1178,1592439.898,654620.298,6.742
1179,1592421.784,654633.843,6.664
1180,1592403.106,654648.497,6.678
1181,1592384.296,654664.258,6.719
1182,1592367.536,654678.748,6.806
1183,1592350.726,654692.433,6.784
1184,1592333.966,654705.307,6.81
1185,1592317.536,654717.746,6.828
1186,1592301.543,654729.991,6.798
1187,1592283.975,654743.145,6.718
1188,1592266.131,654755.082,6.699
1189,1592247.951,654765.715,6.594
1190,1592229.748,654775.368,6.654
1191,1592209.755,654784.237,6.675
1192,1592190.151,654791.562,6.66
1193,1592170.002,654798.639,6.669
1194,1592149.551,654804.516,6.691
1195,1592129.288,654807.537,6.628
1196,1592109.405,654809.544,6.5
1197,1592089.372,654810.694,6.424
1198,1592067.723,654809.836,6.269
1199,1592045.134,654807.198,6.327
1200,1592024.52,654803.74,6.374
1201,1592003.984,654800.142,6.543
1202,1591983.833,654794.67,6.625
1203,1591963.801,654787.225,6.569
1204,1591944.375,654778.53,6.535
1205,1591925.164,654769.347,6.612
1206,1591905.682,654760.198,6.64
1207,1591886.153,654750.592,6.652
1208,1591866.468,654740.841,6.638
1209,1591846.602,654730.975,6.658
1210,1591826.584,654721.066,6.652
1211,1591807.347,654711.252,6.68
1212,1591788.494,654701.654,6.653
1213,1591773.937,654698.089,6.082
1214,1591775.442,654696.463,6.618
1215,1591774.487,654695.661,6.604
1216,1591767.318,654691.551,6.588
1217,1591749.42,654681.707,6.533
1218,1591731.32,654672.537,6.6
1219,1591712.951,654662.687,6.619
1220,1591695.089,654653.186,6.664
1221,1591677.076,654643.737,6.683
1222,1591658.913,654634.846,6.652
1223,1591639.385,654625.604,6.591
1224,1591620.903,654616.586,6.674
1225,1591602.316,654606.63,6.637
1226,1591583.457,654596.628,6.613
1227,1591563.936,654586.822,6.623
1228,1591545.978,654577.976,6.634
1229,1591525.585,654567.598,6.578
1230,1591506.845,654557.738,6.582
1231,1591487.747,654547.577,6.572
1232,1591467.906,654537.304,6.558
1233,1591449.476,654527.962,6.582
1234,1591430.755,654518.407,6.548
1235,1591412.156,654508.986,6.561
1236,1591393.762,654499.641,6.591
1237,1591375.693,654490.152,6.637
1238,1591358.138,654480.446,6.589
1239,1591338.866,654469.513,6.501
1240,1591319.836,654458.955,6.399
1241,1591301.845,654449.198,6.308
1242,1591283.991,654439.643,6.086
1243,1591266.384,654430.149,6.119
1244,1591246.321,654419.639,6.145
1245,1591227.733,654410.917,6.211
1246,1591209.61,654402.018,6.435
1247,1591191.887,654392.673,6.369
1248,1591172.615,654382.867,6.322
1249,1591152.994,654373.074,6.28
1250,1591134.923,654364.066,6.36
1251,1591116.649,654354.719,6.376
1252,1591098.107,654345.106,6.343
1253,1591079.314,654335.092,6.327
1254,1591060.13,654324.999,6.296
1255,1591040.587,654314.806,6.354
1256,1591022.7,654305.675,6.399
1257,1591004.446,654296.715,6.431
1258,1590986.138,654287.725,6.401
1259,1590967.714,654278.448,6.467
1260,1590948.929,654268.953,6.428
1261,1590930.227,654259.346,6.414
1262,1590911.582,654249.876,6.379
1263,1590892.998,654240.181,6.372
1264,1590874.134,654230.095,6.333
1265,1590854.762,654220.003,6.334
1266,1590835.161,654209.979,6.323
1267,1590815.699,654200.199,6.351
1268,1590796.215,654191.32,6.305
1269,1590776.24,654183.948,6.331
1270,1590755.854,654178.707,6.361
1271,1590735.336,654176.42,6.377
1272,1590714.995,654177.35,6.353
1273,1590695.062,654181.487,6.233
1274,1590673.112,654188.883,6.141
1275,1590654.315,654196.364,6.103
1276,1590634.213,654205.737,6.052
1277,1590614.95,654215.546,6.062
1278,1590596.517,654224.872,6.091
1279,1590577.69,654233.112,6.18
1280,1590558.146,654237.252,6.181
1281,1590538.729,654232.618,6.123
1282,1590523.256,654219.664,6.021
1283,1590512.995,654200.626,5.987
1284,1590506.306,654181.355,5.918
1285,1590499.973,654160.613,5.928
1286,1590494.368,654140.87,5.905
1287,1590488.591,654121.164,5.865
1288,1590482.059,654102.082,5.845
1289,1590476.235,654082.536,5.861
1290,1590469.77,654063.002,5.907
1291,1590464.02,654043.615,5.907
1292,1590458.183,654022.922,5.926
1293,1590452.183,654001.616,5.893
1294,1590446.359,653982.188,5.903
1295,1590440.017,653962.888,5.911
1296,1590432.428,653942.689,5.98
1297,1590423.25,653924.249,5.959
1298,1590412.47,653906.107,5.985
1299,1590400.943,653889.073,6.026
1300,1590388.282,653872.474,6.055
1301,1590375.288,653855.932,6.115
1302,1590363.012,653839.993,6.089
1303,1590350.13,653824.181,6.04
1304,1590336.582,653809.447,6.162
1305,1590341.708,653821.568,6.095
1306,1590339.292,653823.747,5.798
1307,1590326.585,653801.49,6.137
1308,1590315.816,653783.657,6.245
1309,1590301.591,653768.285,6.208
1310,1590287.056,653754.025,6.183
1311,1590270.599,653741.964,6.179
1312,1590253.152,653732.207,6.119
1313,1590234.136,653722.723,6.075
1314,1590215.747,653714.141,6.048
1315,1590196.508,653705.343,6.077
1316,1590176.759,653695.96,6.062
1317,1590158.425,653687.353,6.088
1318,1590139.535,653678.567,6.129
1319,1590120.224,653669.405,6.118
1320,1590100.397,653660.1,6.158
1321,1590080.301,653650.603,6.169
1322,1590060.432,653641.025,6.192
1323,1590040.815,653631.449,6.194
1324,1590021.302,653622.095,6.228
1325,1590001.799,653612.819,6.262
1326,1589982.158,653603.351,6.326
1327,1589962.204,653593.642,6.315
1328,1589944.17,653584.794,6.283
1329,1589925.725,653576.18,6.334
1330,1589906.974,653567.656,6.356
1331,1589887.911,653558.89,6.379
1332,1589869.052,653549.745,6.402
1333,1589850.236,653540.935,6.399
1334,1589831.497,653531.927,6.382
1335,1589812.562,653522.937,6.316
1336,1589793.475,653513.971,6.326
1337,1589771.56,653504.2,6.28
1338,1589752.624,653495.582,6.329
1339,1589733.503,653485.534,6.307
1340,1589716.504,653473.446,6.437
1341,1589650.944,653398.77,6.194
1342,1589637.674,653382.893,6.184
1343,1589624.909,653367.437,6.189
1344,1589611.94,653350.946,6.246
1345,1589598.653,653333.794,6.228
1346,1589585.677,653317.699,6.289
1347,1589572.616,653302.485,6.336
1348,1589559.121,653286.94,6.353
1349,1589545.298,653271.02,6.314
1350,1589478.905,653193.542,6.349
1351,1589404.18,653080.997,5.891
1352,1589407.935,653060.382,5.974
1353,1589422.833,653031.008,5.959
1354,1589432.275,653013.27,5.996
1355,1589458.621,652964.694,5.693
1356,1589468.311,652945.425,5.694
1357,1589478.025,652926.208,5.698
1358,1589487.857,652906.692,5.749
1359,1589496.587,652888.287,5.84
1360,1589505.564,652869.751,6.039
1361,1589514.943,652850.224,6.081
1362,1589523.936,652831.661,6.169
1363,1589533.603,652812.257,6.168
1364,1589543.71,652792.037,6.141
1365,1589554.291,652771.125,6.165
1366,1589565.433,652750.092,6.156
1367,1589576.506,652728.853,6.162
1368,1589587.521,652707.798,6.125
1369,1589597.222,652688.786,6.148
1370,1589606.765,652669.791,6.129
1371,1589616.624,652650.938,6.148
1372,1589626.106,652632.208,6.153
1373,1589634.757,652613.397,6.154
1374,1589645.058,652592.959,6.207
1375,1589656.222,652572.279,6.177
1376,1589667.179,652550.872,6.152
1377,1589678.311,652529.027,6.158
1378,1589690.708,652504.432,6.162
1379,1589699.719,652486.134,6.202
1380,1589709.032,652467.771,6.193
1381,1589718.27,652449.3,6.172
1382,1589727.709,652430.912,6.128
1383,1589737.582,652412.708,6.068
1384,1589748.057,652392,6.165
1385,1589757.714,652373.597,6.15
1386,1589767.476,652355.063,6.147
1387,1589778.317,652334.175,6.214
1388,1589787.752,652315.587,6.202
1389,1589797.03,652296.953,6.228
1390,1589807.601,652275.86,6.225
1391,1589818.525,652254.61,6.174
1392,1589828.293,652235.63,6.195
1393,1589837.889,652216.233,6.207
1394,1589847.622,652196.557,6.214
1395,1589857.445,652176.685,6.161
1396,1589867.288,652156.827,6.177
1397,1589877.245,652137.167,6.148
1398,1589886.916,652117.804,6.097
1399,1589896.796,652098.029,6.101
1400,1589905.602,652079.701,6.097
1401,1589914.609,652061.528,6.018
1402,1589924.482,652042.291,6.001
1403,1589934.24,652023.716,6.06
1404,1589945.166,652005.251,6.13
1405,1589956.136,651987.877,6.1
1406,1589967.935,651969.931,6.099
1407,1589980.145,651953.795,6.112
1408,1589993.784,651937.716,6.088
1409,1590008.511,651921.707,6.112
1410,1590024.171,651905.741,6.079
1411,1590038.634,651891.726,6.056
1412,1590055.296,651876.25,6.144
1413,1590074.702,651860.62,6.076
1414,1590094.653,651846.053,6.045
1415,1590110.989,651834.454,6.045
1416,1590127.918,651823.789,6.031
1417,1590147.405,651813.665,6.071
1418,1590166.721,651804.353,6.138
1419,1590185.756,651794.142,6.102
1420,1590205.293,651783.587,6.087
1421,1590223.13,651774.036,6.129
1422,1590241.385,651764.383,6.129
1423,1590260.158,651754.677,6.148
1424,1590279.32,651744.84,6.134
1425,1590298.813,651734.913,6.118
1426,1590318.423,651724.845,6.105
1427,1590338.095,651714.683,6.161
1428,1590357.824,651704.606,6.151
1429,1590377.359,651694.735,6.2
1430,1590396.613,651684.867,6.179
1431,1590415.749,651675.02,6.159
1432,1590435.173,651665.334,6.18
1433,1590454.858,651655.462,6.201
1434,1590477.156,651643.837,6.181
1435,1590497.214,651633.508,6.179
1436,1590517.443,651623.386,6.192
1437,1590537.618,651613.114,6.187
1438,1590557.767,651602.671,6.159
1439,1590578.013,651592.4,6.126
1440,1590598.339,651582.14,6.119
1441,1590618.719,651571.982,6.227
1442,1590639.04,651561.804,6.249
1443,1590659.562,651551.876,6.149
1444,1590677.846,651543.706,6.13
1445,1590696.383,651536.113,6.125
1446,1590720.234,651527.094,6.072
1447,1590741.298,651519.486,6.062
1448,1590762.221,651512.271,6.05
1449,1590782.902,651505.473,6.084
1450,1590803.258,651499.363,6.051
1451,1590823.377,651494.131,6.062
1452,1590843.257,651489.645,6.054
1453,1590863.199,651486.163,6.096
1454,1590885.794,651482.967,6.151
1455,1590906.094,651480.841,6.119
1456,1590926.512,651479.058,6.152
1457,1590947.029,651477.694,6.182
1458,1590967.701,651476.559,6.202
1459,1590988.506,651475.896,6.208
1460,1591009.335,651475.546,6.185
1461,1591030.25,651475.431,6.139
1462,1591053.77,651475.507,6.201
1463,1591074.632,651475.641,6.217
1464,1591095.439,651475.807,6.162
1465,1591118.851,651476.243,6.135
1466,1591139.472,651476.495,6.146
1467,1591159.933,651476.095,6.179
1468,1591182.751,651475.511,6.204
1469,1591207.899,651475.461,6.211
1470,1591227.939,651475.567,6.171
1471,1591247.936,651475.558,6.095
1472,1591270.193,651475.281,6.228
1473,1591292.468,651475.39,6.265
1474,1591314.612,651475.352,6.251
1475,1591334.683,651475.12,6.193
1476,1591357.649,651474.81,6.24
1477,1591377.988,651474.402,6.239
1478,1591398.183,651474.178,6.221
1479,1591418.284,651474.195,6.181
1480,1591438.32,651474.111,6.118
1481,1591460.638,651473.824,6.15
1482,1591482.195,651473.529,6.172
1483,1591503.133,651473.038,6.166
1484,1591523.721,651472.523,5.905
1485,1591544.207,651471.971,5.665
1486,1591564.34,651470.287,5.654
1487,1591584.5,651468.769,5.673
1488,1591606.932,651467.949,6.206
1489,1591627.094,651467.533,6.446
1490,1591647.809,651467.385,6.406
1491,1591669.071,651467.447,6.411
1492,1591692.964,651467.459,6.426
1493,1591714.638,651467.108,6.408
1494,1591736.418,651466.832,6.381
1495,1591760.659,651466.801,6.411
1496,1591784.975,651466.749,6.397
1497,1591809.374,651466.681,6.397
1498,1591831.376,651466.59,6.387
1499,1591853.216,651466.46,6.445
1500,1591874.963,651465.954,6.429
1501,1591896.686,651465.367,6.403
1502,1591918.366,651465.205,6.418
1503,1591942.356,651465.211,6.449
1504,1591963.864,651465.06,6.444
1505,1591985.292,651464.815,6.454
1506,1592006.56,651464.685,6.46
1507,1592027.695,651464.78,6.515
1508,1592048.808,651464.798,6.516
1509,1592072.243,651464.571,6.471
1510,1592093.36,651464.117,6.473
1511,1592114.37,651463.957,6.515
1512,1592135.367,651463.886,6.495
1513,1592156.407,651463.657,6.502
1514,1592177.469,651463.341,6.493
1515,1592198.561,651463.145,6.466
1516,1592219.717,651463.005,6.48
1517,1592241.02,651462.851,6.467
1518,1592262.477,651462.597,6.495
1519,1592284.043,651462.163,6.503
1520,1592308.225,651462.094,6.49
1521,1592332.595,651462.092,6.431
1522,1592357.163,651462.061,6.475
1523,1592379.343,651462.307,6.493
1524,1592401.637,651462.655,6.527
1525,1592423.968,651462.812,6.577
1526,1592446.359,651462.81,6.528
1527,1592468.854,651462.894,6.504
1528,1592488.894,651463.295,6.497
1529,1592508.882,651463.678,6.579
1530,1592528.866,651463.827,6.569
1531,1592548.841,651464.061,6.547
1532,1592568.794,651464.366,6.502
1533,1592591.032,651464.662,6.382
1534,1592613.185,651464.522,6.65
1535,1592635.226,651463.118,6.66
1536,1592666.688,651460.943,6.581
1537,1592690.418,651458.808,6.562
1538,1592713.733,651456.255,6.582
1539,1592736.608,651453.312,6.567
1540,1592759.115,651449.525,6.556
1541,1592779.422,651445.023,6.501
1542,1592799.886,651440.158,6.563
1543,1592820.546,651434.754,6.546
1544,1592841.451,651429.283,6.544
1545,1592862.663,651423.933,6.533
1546,1592884.088,651418.492,6.632
1547,1592905.661,651412.586,6.528
1548,1592925.134,651407.486,6.546
1549,1592944.786,651402.54,6.596
1550,1592964.467,651397.513,6.536
1551,1592984.055,651392.488,6.515
1552,1593005.743,651386.94,6.598
1553,1593027.158,651381.692,6.548
1554,1593048.204,651376.859,6.555
1555,1593069.595,651372.288,6.55
1556,1593089.843,651368.124,6.5
1557,1593110.738,651363.222,6.491
1558,1593130.972,651357.731,6.515
1559,1593152.014,651351.381,6.549
1560,1593176.094,651344.924,6.627
1561,1593195.843,651340.011,6.537
1562,1593216.044,651334.845,6.476
1563,1593239.307,651328.816,6.491
1564,1593260.469,651323.501,6.495
1565,1593281.994,651318.086,6.506
1566,1593303.737,651312.479,6.493
1567,1593325.201,651307.151,6.504
1568,1593409.439,651286.515,6.298
1569,1593429.941,651281.37,6.213
1570,1593450.776,651276.081,6.252
1571,1593471.819,651270.798,6.319
1572,1593493.122,651265.509,6.306
1573,1593514.631,651260.073,6.339
1574,1593536.381,651254.605,6.375
1575,1593558.365,651249.326,6.381
1576,1593577.755,651244.622,6.333
1577,1593597.232,651239.832,6.318
1578,1593616.697,651234.939,6.303
1579,1593638.536,651229.326,6.339
1580,1593660.005,651224.251,6.399
1581,1593680.215,651218.555,6.3
1582,1593749.801,651174.617,6.201
1583,1593763.883,651160.331,6.292
1584,1593754.272,651190.534,4.562
1585,1593750.573,651179.545,6.33
1586,1593772.027,651153.375,6.356
1587,1593781.727,651135.328,6.25
1588,1593789.474,651116.283,6.078
1589,1593796.316,651096.992,5.907
1590,1593802.781,651071.024,5.516
1591,1593804.88,651050.69,5.466
1592,1593808.029,651030.821,5.482
1593,1593811.49,651010.668,5.677
1594,1593816.406,650990.323,5.884
1595,1593823.098,650969.985,6.055
1596,1593834.526,650953.067,6.101
1597,1593852.938,650940.915,6.047
1598,1593873.51,650935.96,5.877
1599,1593893.928,650935.8,5.94
1600,1593913.818,650938.277,6.086
1601,1593933.892,650940.701,6.187
1602,1593954.714,650942.95,6.28
1603,1593974.838,650944.691,6.302
1604,1593995.531,650943.668,6.365
1605,1594016.299,650938.839,6.455
1606,1594035.985,650930.75,6.494
1607,1594054.588,650920.646,6.48
1608,1594071.151,650909.453,6.484
1609,1594088.117,650897.249,6.49
1610,1594105.878,650884.582,6.421
1611,1594122.487,650873.028,6.395
1612,1594141.285,650859.83,6.377
1613,1594158.152,650847.224,6.348
1614,1594175.289,650834.414,6.403
1615,1594193.015,650821.683,6.383
1616,1594211.17,650808.734,6.311
1617,1594229.496,650795.542,6.232
1618,1594245.794,650783.62,6.29
1619,1594262.239,650771.928,6.318
1620,1594280.41,650758.781,6.502
1621,1594298.156,650745.606,6.488
1622,1594315.872,650732.861,6.543
1623,1594333.452,650720.486,6.468
1624,1594350.712,650708.016,6.548
1625,1594367.92,650695.517,6.469
1626,1594385.228,650683.164,6.494
1627,1594402.314,650670.596,6.522
1628,1594419.647,650657.993,6.496
1629,1594437.695,650645.217,6.48
1630,1594456.291,650631.9,6.476
1631,1594473.203,650619.514,6.457
1632,1594490.485,650606.923,6.486
1633,1594507.991,650594.059,6.486
1634,1594525.603,650581.447,6.472
1635,1594542.793,650569.152,6.445
1636,1594559.538,650557.201,6.442
1637,1594576.032,650545.903,6.481
1638,1594594.046,650533.609,6.446
1639,1594613.388,650519.792,6.464
1640,1594630.638,650507.081,6.361
1641,1594648.209,650494.279,6.389
1642,1594665.617,650480.874,6.436
1643,1594683.112,650467.304,6.432
1644,1594701.039,650453.969,6.431
1645,1594719.193,650440.717,6.414
1646,1594737.114,650427.369,6.428
1647,1594835.645,650355.498,6.441
1648,1594852.261,650343.368,6.397
1649,1594868.868,650331.626,6.375
1650,1594885.68,650320.159,6.397
1651,1594902.71,650308.076,6.405
1652,1594920.144,650295.574,6.4
1653,1594937.861,650282.632,6.388
1654,1594954.051,650270.823,6.383
1655,1594972.767,650257.492,6.345
1656,1594989.712,650245.127,6.367
1657,1595007.074,650232.666,6.415
1658,1595024.737,650220.009,6.43
1659,1595042.657,650207.148,6.395
1660,1595060.783,650194.168,6.377
1661,1595078.989,650181.055,6.444
1662,1595096.409,650168.498,6.441
1663,1595112.828,650156.478,6.461
1664,1595128.589,650144.181,6.439
1665,1595145.653,650132.564,6.476
1666,1595162.735,650119.924,6.409
1667,1595180.168,650107.103,6.409
1668,1595198.317,650094.076,6.402
1669,1595215.046,650081.92,6.43
1670,1595232.469,650069.288,6.401
1671,1595250.652,650056.064,6.416
1672,1595269.625,650042.572,6.394
1673,1595287.176,650030.174,6.395
1674,1595304.953,650017.429,6.434
1675,1595322.843,650004.24,6.428
1676,1595338.963,649992.326,6.439
1677,1595355.36,649980.392,6.434
1678,1595371.947,649968.341,6.415
1679,1595390.888,649954.728,6.405
1680,1595407.92,649942.625,6.428
1681,1595424.803,649930.062,6.479
1682,1595443.934,649915.903,6.472
1683,1595460.968,649903.135,6.485
1684,1595478.036,649890.192,6.481
1685,1595497.207,649875.381,6.455
1686,1595514.359,649862.197,6.485
1687,1595531.504,649849.038,6.499
1688,1595551.069,649834.277,6.48
1689,1595569.027,649820.978,6.442
1690,1595587.322,649807.712,6.419
1691,1595607.973,649792.819,6.427
1692,1595626.167,649779.35,6.43
1693,1595644.559,649766.103,6.445
1694,1595663.144,649752.987,6.447
1695,1595681.679,649739.744,6.466
1696,1595700.196,649726.397,6.412
1697,1595716.526,649714.859,6.446
1698,1595732.829,649703.19,6.425
1699,1595749.192,649691.515,6.36
1700,1595765.543,649679.821,6.354
1701,1595781.87,649667.911,6.369
1702,1595798.278,649656.024,6.441
1703,1595814.797,649644.186,6.389
1704,1595831.452,649632.429,6.377
1705,1595848.156,649620.73,6.389
1706,1595864.756,649608.808,6.41
1707,1595881.383,649596.6,6.393
1708,1595898.177,649584.303,6.369
1709,1595915.078,649572.021,6.394
1710,1595932.144,649559.677,6.344
1711,1595949.221,649547.167,6.339
1712,1595966.397,649534.652,6.338
1713,1595983.689,649522.255,6.402
1714,1596001.083,649509.861,6.424
1715,1596018.423,649497.248,6.395
1716,1596035.867,649484.68,6.423
1717,1596058.391,649468.528,6.509
1718,1596076.036,649456.009,6.478
1719,1596093.801,649443.479,6.455
1720,1596111.474,649430.749,6.455
1721,1596129.052,649417.888,6.458
1722,1596146.717,649405.052,6.496
1723,1596163.983,649391.878,6.432
1724,1596180.38,649378.345,6.425
1725,1596196.275,649364.81,6.237
1726,1596215.68,649347.416,6.403
1727,1596232.558,649332.297,6.386
1728,1596262.576,649304.083,6.387
1729,1596278.1,649289.093,6.384
1730,1596519.039,648982.159,6.398
1731,1596533.52,648962.319,6.466
1732,1596552.667,648936.138,6.426
1733,1596575.625,648905.699,6.498
1734,1596562.981,648921.25,6.466
1735,1596535.348,648960.575,6.378
1736,1596498.502,649011.983,6.495
1737,1596484.883,649032.032,6.455
1738,1596472.225,649048.743,6.469
1739,1596459.864,649064.866,6.514
1740,1596447.297,649082.154,6.427
1741,1596435.339,649098.264,6.423
1742,1596422.888,649115.209,6.413
1743,1596411.039,649131.622,6.333
1744,1596399.519,649148.152,6.303
1745,1596387.168,649164.462,6.322
1746,1596374.278,649180.865,6.304
1747,1596360.411,649198.218,6.321
1748,1596347.348,649214.035,6.484
1749,1596334.242,649229.988,6.402
1750,1596320.713,649245.452,6.425
1751,1596307.046,649260.411,6.404
1752,1596293.243,649275.285,6.446
1753,1596278.781,649290.039,6.335
1754,1594808.376,650376.45,6.45
1755,1594790.196,650389.438,6.428
1756,1594772.533,650402.434,6.504
1757,1594754.782,650415.5,6.446
1758,1594737.449,650428.559,6.446
1759,1594720.299,650441.47,6.423
1760,1593699.366,651213.549,6.302
1761,1593717.196,651204.16,6.225
1762,1593732.98,651191.535,6.258
1763,1593747.63,651177.739,6.195
1764,1593446.145,651278.18,6.169
1765,1593425.014,651283.353,6.203
1766,1593404.204,651288.733,6.244
1767,1593383.441,651293.937,6.376
1768,1593362.646,651299.079,6.387
1769,1593341.781,651304.124,6.452
1770,1593320.915,651309.416,6.478
1771,1593299.951,651314.716,6.479
1772,1589405.452,653075.75,6.044
1773,1589424.085,653125.764,6.005
1774,1589436.706,653141.636,6.117
1775,1589449.057,653157.709,6.231
1776,1589488.019,653201.291,6.271
1777,1589498.213,653211.807,6.331
1778,1597409.887,648242.998,5.486
1779,1597407.932,648263.115,5.515
1780,1597405.541,648283.403,5.477
1781,1597403.165,648303.433,5.496
1782,1597400.626,648324.048,5.54
1783,1597398.145,648344.171,5.519
1784,1597395.807,648364.493,5.476
1785,1597393.577,648384.802,5.523
1786,1597391.247,648406.628,5.544
1787,1597389.025,648427.366,5.544
1788,1597386.653,648448.492,5.526
1789,1597384.102,648470.401,5.511
1790,1597381.771,648490.782,5.515
1791,1597379.527,648511.876,5.539
1792,1597377.323,648533.114,5.536
1793,1597375.027,648554.256,5.528
1794,1597372.708,648575.245,5.508
1795,1597370.294,648596.066,5.494
1796,1597367.78,648616.736,5.522
1797,1597365.327,648637.43,5.566
1798,1597363.074,648658.116,5.565
1799,1597360.872,648678.757,5.514
1800,1597358.747,648699.338,5.513
1801,1597356.697,648719.851,5.534
1802,1597354.689,648740.25,5.573
1803,1597352.655,648760.707,5.491
1804,1597350.539,648781.277,5.51
1805,1597348.395,648801.963,5.481
1806,1597346.214,648822.759,5.436
1807,1597343.92,648843.632,5.422
1808,1597341.54,648864.568,5.394
1809,1597339.202,648885.553,5.35
1810,1597336.946,648906.59,5.333
1811,1597334.76,648927.558,5.361
1812,1597332.684,648948.45,5.272
1813,1597330.447,648969.185,5.447
1814,1597328.257,648989.62,5.702
1815,1597326.335,649009.77,5.894
1816,1597324.309,649032.1,6.029
1817,1597321.941,649054.245,6.103
1818,1597319.621,649076.407,5.97
1819,1597317.192,649098.732,5.769
1820,1597314.839,649118.711,5.575
1821,1597312.521,649138.781,5.45
1822,1597310.277,649158.998,5.416
1823,1597308.117,649179.376,5.384
1824,1597305.625,649199.858,5.38
1825,1597302.347,649220.397,5.419
1826,1597300.214,649241.143,5.365
1827,1597298.575,649264.608,5.36
1828,1597296.862,649285.529,5.363
1829,1597294.706,649306.474,5.365
1830,1597292.412,649327.378,5.351
1831,1597290.14,649348.165,5.403
1832,1597287.815,649368.873,5.369
1833,1597285.537,649389.427,5.375
1834,1597283.29,649409.556,5.383
1835,1597280.824,649431.27,5.343
1836,1597278.504,649452.702,5.315
1837,1597276.397,649474.342,5.297
1838,1597274.149,649496.08,5.275
1839,1597271.741,649517.853,5.282
1840,1597269.317,649539.687,5.342
1841,1597266.831,649561.757,5.401
1842,1597264.448,649584.075,5.363
1843,1597262.386,649604.116,5.375
1844,1597260.376,649624.292,5.362
1845,1597258.35,649644.51,5.381
1846,1597256.261,649664.751,5.368
1847,1597254.095,649685.03,5.388
1848,1597251.891,649705.306,5.37
1849,1597249.707,649725.644,5.365
1850,1597247.73,649746.052,5.371
1851,1597245.499,649766.415,5.359
1852,1597243.06,649786.733,5.364
1853,1597241.077,649807.008,5.4
1854,1597239.074,649827.136,5.374
1855,1597236.943,649847.147,5.369
1856,1597234.79,649867.194,5.383
1857,1597232.668,649887.298,5.4
1858,1597230.632,649907.388,5.359
1859,1597228.541,649927.573,5.382
1860,1597226.454,649947.868,5.365
1861,1597224.232,649968.255,5.367
1862,1597221.925,649988.708,5.352
1863,1597219.707,650009.225,5.359
1864,1597217.552,650029.821,5.366
1865,1597215.408,650050.475,5.35
1866,1597213.149,650071.153,5.347
1867,1597210.882,650091.767,5.361
1868,1597208.693,650112.298,5.335
1869,1597206.823,650132.733,5.34
1870,1597204.701,650153.003,5.354
1871,1597202.451,650173.158,5.373
1872,1597200.184,650193.263,5.359
1873,1597198.033,650213.298,5.366
1874,1597195.94,650233.262,5.342
1875,1597193.673,650255.636,5.335
1876,1597191.274,650277.925,5.344
1877,1597188.813,650300.262,5.367
1878,1597186.655,650320.245,5.359
1879,1597184.268,650342.55,5.333
1880,1597181.967,650364.326,5.345
1881,1597179.842,650385.82,5.345
1882,1597177.67,650407.069,5.331
1883,1597175.401,650428.105,5.351
1884,1597172.897,650448.907,5.335
1885,1597170.401,650469.404,5.315
1886,1597168.046,650489.682,5.339
1887,1597165.775,650510.116,5.356
1888,1597163.495,650530.74,5.349
1889,1597161.173,650551.439,5.339
1890,1597158.955,650572.083,5.366
1891,1597156.838,650592.599,5.366
1892,1597154.726,650613.124,5.345
1893,1597152.602,650633.838,5.345
1894,1597150.337,650654.78,5.351
1895,1597147.987,650675.921,5.292
1896,1597145.802,650697.198,5.277
1897,1597143.624,650718.454,5.301
1898,1597141.197,650739.594,5.287
1899,1597138.82,650760.779,5.237
1900,1597136.573,650782.039,5.288
1901,1597134.342,650803.217,5.262
1902,1597132.035,650824.224,5.199
1903,1597129.819,650845.08,5.172
1904,1597127.594,650865.672,5.153
1905,1597125.371,650885.843,5.132
1906,1597115.308,650975.303,4.897
1907,1597113.125,650995.665,4.911
1908,1597111.121,651015.819,4.95
1909,1597108.764,651037.472,5.225
1910,1597106.59,651058.093,5.661
1911,1597104.396,651079.309,6.278
1912,1597102.162,651100.763,6.965
1913,1597099.836,651122.291,7.455
1914,1597097.376,651143.937,7.714
1915,1597094.829,651165.732,7.671
1916,1597092.348,651187.561,7.377
1917,1597090.011,651209.275,6.808
1918,1597087.637,651231.04,6.101
1919,1597085.403,651252.793,5.72
1920,1597083.148,651274.478,5.553
1921,1597080.914,651295.822,5.576
1922,1597078.771,651316.803,5.752
1923,1597076.567,651337.392,5.975
1924,1597074.359,651357.444,6.113
1925,1597072.011,651378.86,6.352
1926,1597069.766,651399.91,6.333
1927,1597067.238,651421.735,6.286
1928,1597064.773,651441.936,6.116
1929,1597062.17,651462.578,5.687
1930,1597059.975,651483.559,5.403
1931,1597058.195,651504.586,5.449
1932,1597056.113,651525.401,5.458
1933,1597053.87,651546.128,5.448
1934,1597051.24,651569.147,5.465
1935,1597048.645,651589.95,5.478
1936,1597045.918,651610.894,5.471
1937,1597042.929,651632.038,5.432
1938,1597039.563,651653.4,5.394
1939,1597035.912,651674.94,5.403
1940,1597031.867,651696.587,5.411
1941,1597027.275,651718.2,5.419
1942,1597021.816,651739.96,5.441
1943,1597016.206,651759.44,5.454
1944,1597010.015,651779.043,5.46
1945,1597003.469,651798.735,5.416
1946,1596996.542,651818.397,5.441
1947,1596989.119,651837.998,5.459
1948,1596981.16,651857.481,5.438
1949,1596972.772,651876.857,5.454
1950,1596964.013,651895.982,5.427
1951,1596954.912,651914.843,5.452
1952,1596945.431,651933.472,5.479
1953,1596935.442,651951.843,5.467
1954,1596925.016,651970.009,5.465
1955,1596914.069,651988.161,5.461
1956,1596902.671,652006.282,5.474
1957,1596890.829,652024.331,5.479
1958,1596878.389,652042.135,5.459
1959,1596865.473,652059.781,5.444
1960,1596852.165,652077.389,5.429
1961,1596838.463,652095.056,5.447
1962,1596824.596,652112.537,5.429
1963,1596810.474,652129.834,5.403
1964,1596796.327,652147.119,5.318
1965,1596782.143,652164.48,5.08
1966,1596767.857,652181.78,5.112
1967,1596753.634,652199.077,5.144
1968,1596739.494,652216.465,5.167
1969,1596725.301,652233.941,5.103
1970,1596710.854,652251.623,5.058
1971,1596698.064,652267.158,5.083
1972,1596685.209,652282.679,5.115
1973,1596672.433,652298.196,5.135
1974,1596659.769,652313.697,5.178
1975,1596645.388,652331.406,5.152
1976,1596631.104,652349.103,5.121
1977,1596616.886,652366.756,5.151
1978,1596602.711,652384.275,5.274
1979,1596588.437,652401.66,5.297
1980,1596573.922,652418.992,5.286
1981,1596559.397,652436.44,5.299
1982,1596544.913,652454.011,5.291
1983,1596530.521,652471.731,5.37
1984,1596516.15,652489.516,5.39
1985,1596503.593,652505.186,5.355
1986,1596491.072,652520.948,5.349
1987,1596478.51,652536.726,5.351
1988,1596465.925,652552.426,5.362
1989,1596453.354,652568.041,5.352
1990,1596438.928,652585.719,5.35
1991,1596424.41,652603.224,5.347
1992,1596409.862,652620.635,5.383
1993,1596395.362,652638.005,5.377
1994,1596381.002,652655.467,5.373
1995,1596366.742,652672.958,5.4
1996,1596350.608,652692.59,5.396
1997,1596336.265,652710.059,5.371
1998,1596321.924,652727.584,5.345
1999,1596307.645,652745.227,5.353
2000,1596293.432,652762.913,5.38
2001,1596279.162,652780.523,5.379
2002,1596264.795,652798.095,5.355
2003,1596250.359,652815.568,5.337
2004,1596235.905,652832.966,5.255
2005,1596221.622,652850.541,5.154
2006,1596207.537,652868.315,5.069
2007,1596193.507,652886.007,5
2008,1596179.5,652903.534,4.899
2009,1596163.751,652923.02,4.781
2010,1596149.74,652939.894,4.808
2011,1596136.091,652956.33,4.993
2012,1596122.937,652972.215,5.162
2013,1596108.883,652989.349,5.308
2014,1596095.767,653005.635,5.503
2015,1596082.881,653021.727,5.541
2016,1596069.802,653038.027,5.437
2017,1596055.807,653054.783,5.278
2018,1596042.618,653070.178,5.195
2019,1596028.865,653086.801,5.072
2020,1596016.084,653102.596,4.997
2021,1596003.018,653118.754,5.117
2022,1595989.814,653134.938,5.247
2023,1595976.807,653150.769,5.374
2024,1595962.746,653167.8,5.37
2025,1595949.175,653184.251,5.383
2026,1595936.044,653200.163,5.382
2027,1595922.359,653216.98,5.385
2028,1595909.205,653233.059,5.354
2029,1595895.64,653250.017,5.383
2030,1595882.779,653266.42,5.341
2031,1595870.034,653282.078,5.314
2032,1595857.103,653298.266,5.309
2033,1595844.46,653314.208,5.324
2034,1595830.894,653331.073,5.303
2035,1595817.872,653347.086,5.295
2036,1595804.41,653363.668,5.324
2037,1595790.665,653380.694,5.339
2038,1595776.586,653397.849,5.299
2039,1595763.824,653413.38,5.296
2040,1595751.046,653429.068,5.324
2041,1595738.192,653444.778,5.339
2042,1595725.21,653460.458,5.332
2043,1595712.123,653476.119,5.325
2044,1595699.109,653491.924,5.348
2045,1595686.229,653507.928,5.311
2046,1595673.177,653524.13,5.291
2047,1595659.9,653540.573,5.311
2048,1595646.298,653557.271,5.278
2049,1595632.296,653574.158,5.305
2050,1595618.142,653591.163,5.274
2051,1595603.839,653608.412,5.31
2052,1595591.091,653623.977,5.315
2053,1595578.309,653639.676,5.338
2054,1595565.473,653655.466,5.357
2055,1595552.556,653671.275,5.347
2056,1595539.659,653686.985,5.349
2057,1595526.812,653702.627,5.337
2058,1595514.216,653718.325,5.365
2059,1595501.632,653733.958,5.358
2060,1595489.064,653749.557,5.356
2061,1595474.888,653767.02,5.35
2062,1595461.937,653782.783,5.321
2063,1595448.741,653798.978,5.343
2064,1595435.489,653815.393,5.318
2065,1595422.264,653832.028,5.257
2066,1595408.558,653848.484,5.207
2067,1595394.91,653865.263,5.194
2068,1595381.19,653882.222,5.144
2069,1595367.313,653899.286,5.124
2070,1595353.247,653916.393,5.101
2071,1595339.072,653933.611,5.078
2072,1595324.831,653950.973,5.074
2073,1595310.399,653968.623,5.076
2074,1595297.741,653984.142,5.047
2075,1595283.358,654001.85,5.065
2076,1595269.169,654019.488,5.037
2077,1595255.013,654036.877,5.045
2078,1595240.796,654054.233,5.044
2079,1595226.612,654071.47,5.072
2080,1595212.506,654088.724,5.03
2081,1595198.315,654106.073,5.046
2082,1595184.096,654123.402,5.043
2083,1595169.877,654140.837,5.088
2084,1595155.527,654158.499,5.059
2085,1595142.819,654174.15,5.064
2086,1595129.994,654189.95,5.064
2087,1595117.091,654205.916,5.065
2088,1595103.993,654221.892,5.031
2089,1595090.77,654237.962,5.028
2090,1595077.559,654254.149,5.042
2091,1595064.399,654270.284,5.046
2092,1595051.038,654286.188,5.029
2093,1595037.349,654301.771,5.037
2094,1595023.906,654317.25,5.055
2095,1595011.022,654333.043,5.064
2096,1594998.718,654349.207,5.084
2097,1594986.346,654365.196,5.077
2098,1594973.922,654381.016,5.067
2099,1594961.481,654396.722,5.022
2100,1594948.861,654412.257,4.882
2101,1594936.029,654427.629,4.821
2102,1594921.352,654445.074,4.729
2103,1594907.11,654462.751,4.703
2104,1594892.916,654480.503,4.727
2105,1594878.649,654498.374,4.756
2106,1594866.076,654514.069,4.789
2107,1594853.444,654529.808,4.819
2108,1594840.689,654545.532,4.808
2109,1594827.764,654561.22,4.839
2110,1594814.753,654576.911,4.87
2111,1594801.715,654592.657,4.859
2112,1594788.641,654608.435,4.83
2113,1594775.574,654624.241,4.829
2114,1594762.674,654640.099,4.842
2115,1594749.95,654655.972,4.817
2116,1594737.259,654671.745,4.814
2117,1594724.561,654687.38,4.831
2118,1594711.805,654702.877,4.788
2119,1594699.006,654718.28,4.773
2120,1594684.399,654735.837,4.776
2121,1594669.833,654753.315,4.789
2122,1594655.538,654770.872,4.821
2123,1594641.272,654788.362,4.806
2124,1594626.959,654805.752,4.787
2125,1594612.66,654823.226,4.832
2126,1594598.397,654840.9,4.908
2127,1594585.849,654856.574,4.977
2128,1594573.341,654872.289,4.967
2129,1594560.72,654887.969,5.061
2130,1594548.007,654903.627,5.216
2131,1594535.288,654919.291,5.387
2132,1594522.562,654934.943,5.509
2133,1594509.844,654950.528,5.591
2134,1594495.666,654967.777,5.705
2135,1594482.057,654984.197,5.853
2136,1594468.881,655000.137,5.91
2137,1594454.899,655017.471,6.035
2138,1594441.405,655034.053,6.183
2139,1594428.609,655049.773,6.315
2140,1594414.908,655066.051,6.552
2141,1602412.42,655269.016,7.031
2142,1602414.246,655248.074,6.874
2143,1602414.16,655226.919,6.81
2144,1602413.669,655206.498,6.729
2145,1602412.982,655185.29,6.821
2146,1602412.19,655164.322,6.843
2147,1602411.544,655144.238,6.893
2148,1602410.769,655123.231,6.838
2149,1602409.786,655101.49,6.697
2150,1602406.062,655029.711,6.739
2151,1602407.49,655052.538,7.452
2152,1602407.862,655076.437,6.643
2153,1602407.843,655076.468,6.677
2154,1602407.495,655056.332,6.641
2155,1602404.411,655003.927,6.709
2156,1602403.695,654983.401,6.7
2157,1602403.16,654963.239,6.708
2158,1602403.044,654937.798,6.621
2159,1602397.306,654781.116,6.738
2160,1602396.281,654759.821,6.804
2161,1602395.137,654739.704,6.695
2162,1602394.078,654718.806,6.652
2163,1602354.501,653729.125,6.487
2164,1602353.698,653708.381,6.467
2165,1602352.857,653687.62,6.535
2166,1602351.972,653666.897,6.482
2167,1602350.944,653646.053,6.448
2168,1602349.334,653612.705,6.364
2169,1602332.364,653181.016,6.415
2170,1602331.553,653160.288,6.399
2171,1602330.774,653139.341,6.399
2172,1602329.988,653118.196,6.427
2173,1602329.071,653094.886,6.478
2174,1602328.229,653074.808,6.477
2175,1602293.985,652245.604,6.287
2176,1602293.009,652221.178,6.146
2177,1602292.189,652200.025,6.14
2178,1602285.381,651962.677,6.509
2179,1602284.798,651940.926,6.187
2180,1602284.138,651919.233,6.443
2181,1602283.338,651899.05,6.442
2182,1602282.754,651878.507,6.358
2183,1602279.396,651547.375,5.73
2184,1602276.991,651567.9,6.128
2185,1602277.919,651595.353,5.979
2186,1602279.652,651647.298,5.899
2187,1602280.232,651667.888,5.95
2188,1602281.849,651729.463,6.012
2189,1602282.734,651750.171,6.013
2190,1602283.476,651781.408,6.098
2191,1602284.072,651801.925,6.084
2192,1602284.684,651822.025,6.053
2193,1602285.295,651842.821,6.061
2194,1602285.849,651863.154,6.173
2195,1602288.032,651922.266,6.176
2196,1602288.781,651942.898,6.106
2197,1602289.234,651963.274,6.074
2198,1602289.857,651983.338,6.163
2199,1602290.513,652003.403,6.233
2200,1602292.363,652057.459,6.249
2201,1602292.65,652077.876,6.293
2202,1602292.956,652098.838,6.268
2203,1602293.748,652119.549,6.262
2204,1602294.41,652140.494,6.278
2205,1602294.977,652161.523,6.25
2206,1602295.653,652182.278,6.216
2207,1602296.583,652203.158,6.242
2208,1602298.265,652270.069,6.262
2209,1602298.545,652290.539,6.202
2210,1602299.109,652311.17,6.273
2211,1602299.976,652331.689,6.221
2212,1602300.544,652351.843,6.226
2213,1602301.112,652372.554,6.304
2214,1602301.507,652393.195,6.338
2215,1602304.108,652428.488,6.247
2216,1602304.619,652448.704,6.26
2217,1602305.384,652469.143,6.318
2218,1602306.154,652489.868,6.333
2219,1602306.842,652510.1,6.363
2220,1602307.799,652530.313,6.381
2221,1602308.643,652551.113,6.33
2222,1602309.487,652572.096,6.491
2223,1602310.278,652592.541,6.438
2224,1602311.196,652613.794,6.594
2225,1602309.752,652635.361,-8.569
2226,1602314.6,652679.901,6.193
2227,1602313.861,652659.72,6.198
2228,1602314.346,652680.109,6.176
2229,1602315.206,652700.526,6.186
2230,1602316.131,652721.401,6.225
2231,1602316.897,652743.087,6.214
2232,1602317.69,652763.569,6.241
2233,1602318.428,652783.753,6.22
2234,1602319.218,652803.983,6.159
2235,1602320.523,652824.232,6.174
2236,1602321.189,652845.211,6.17
2237,1602321.183,652866.34,6.246
2238,1602326.157,652948.09,6.329
2239,1602326.626,652968.412,6.221
2240,1602327.574,652988.551,6.252
2241,1602328.455,653009.084,6.327
2242,1602329.645,653030.183,6.716
2243,1602330.992,653069.059,6.168
2244,1602332.191,653089.647,6.206
2245,1602333.294,653110.22,6.321
2246,1602333.297,653131.473,6.323
2247,1602334.247,653161.906,6.294
2248,1602337.383,653224.506,6.136
2249,1602338.602,653245.747,6.175
2250,1602340.359,653275.206,6.103
2251,1602342.236,653322.574,6.262
2252,1602342.33,653343.397,6.319
2253,1602342.672,653363.679,6.37
2254,1602343.37,653384.708,6.351
2255,1602346.483,653434.753,6.326
2256,1602346.629,653455.763,6.363
2257,1602349.423,653500.609,6.451
2258,1602349.517,653520.809,6.513
2259,1602350.099,653541.854,6.475
2260,1602349.918,653562.109,6.439
2261,1602350.405,653583.44,6.393
2262,1602358.332,653740.951,6.32
2263,1602359.185,653761.187,6.395
2264,1602359.983,653781.244,6.425
2265,1602360.922,653802.399,6.4
2266,1602361.654,653823.332,6.36
2267,1602362.465,653843.669,6.408
2268,1602363.491,653864.647,6.453
2269,1602364.324,653885.688,6.536
2270,1602365.478,653911.996,6.582
2271,1602369.582,653974.815,6.438
2272,1602370.031,653994.888,6.418
2273,1602371.056,654024.691,6.393
2274,1602372.483,654044.829,6.401
2275,1602372.925,654065.884,6.407
2276,1602373.628,654087.001,6.369
2277,1602374.703,654107.624,6.395
2278,1602375.443,654128.985,6.424
2279,1602376.142,654149.186,6.453
2280,1602376.985,654169.705,6.484
2281,1602377.886,654190.576,6.464
2282,1602378.684,654211.882,6.522
2283,1602379.517,654232.112,6.49
2284,1602380.5,654252.783,6.469
2285,1602381.245,654273.813,6.468
2286,1602381.79,654294.926,6.415
2287,1602382.321,654315.631,6.49
2288,1602382.807,654336.927,6.533
2289,1602383.745,654357.517,6.563
2290,1602386.215,654413.079,6.496
2291,1602386.782,654433.296,6.573
2292,1602387.469,654453.89,6.501
2293,1602388.332,654474.804,6.524
2294,1602389.01,654495.712,6.606
2295,1602389.946,654516.285,6.541
2296,1602390.537,654536.573,6.613
2297,1602391.216,654557.581,6.611
2298,1602391.89,654578.791,6.7
2299,1602392.43,654598.88,6.798
2300,1602393.093,654619.251,6.773
2301,1602393.986,654640.06,6.763
2302,1602397.809,654697.601,6.61
2303,1602398.395,654718.598,6.654
2304,1602399.483,654739.584,6.675
2305,1602400.144,654760.495,6.682
2306,1602400.921,654780.98,6.612
2307,1602402.1,654801.154,6.602
2308,1602402.954,654822.559,6.642
2309,1602403.445,654843.889,6.641
2310,1602403.885,654865.035,6.648
2311,1602404.59,654887.352,6.587
2312,1602405.188,654909.07,6.603
2313,1602405.924,654929.701,6.586
