1,1588079.969,653488.021,5.385
2,1588100.63,653486.256,5.6
3,1588121.224,653483.948,7.444
4,1588141.081,653481.471,9.494
5,1588161.599,653479.477,9.735
6,1588181.864,653477.31,7.928
7,1588202.154,653474.878,5.883
8,1588222.597,653472.596,5.4
9,1588242.95,653469.958,5.596
10,1588263.103,653468.682,6.079
11,1588276.491,653483.835,6.485
12,1588280.768,653503.908,6.366
13,1588284.803,653524.745,6.402
14,1588289.316,653544.783,6.341
15,1588293.167,653564.469,6.34
16,1588295.947,653584.791,6.386
17,1588301.08,653604.636,6.498
18,1588306.159,653624.493,6.332
19,1588310.331,653645.151,6.421
20,1588314.616,653665.559,6.464
21,1588318.677,653685.439,6.539
22,1588322.869,653705.397,6.476
23,1588327.016,653725.605,6.359
24,1588330.955,653745.714,6.347
25,1588335.702,653766.154,6.313
26,1588340.576,653787.097,6.26
27,1588345.331,653807.584,6.26
28,1588349.878,653827.764,6.303
29,1588353.504,653848.257,6.425
30,1588357.933,653868.255,6.434
31,1588362.361,653888.534,6.499
32,1588366.563,653908.577,6.519
33,1588370.794,653928.658,6.637
34,1588376.819,653954.938,6.605
35,1588388.567,654008.933,6.502
36,1588394.128,654028.689,6.502
37,1588398.843,654048.254,6.276
38,1588403.408,654068.213,6.289
39,1588407.587,654088.133,6.35
40,1588411.343,654108.272,6.593
41,1588416.43,654128.39,6.568
42,1588420.743,654148.238,6.591
43,1588425.738,654167.815,6.507
44,1588431.258,654187.54,6.34
45,1588435.775,654207.193,6.355
46,1588441.102,654226.722,6.35
47,1588445.309,654246.529,6.375
48,1588448.957,654266.781,6.436
49,1588453.53,654287.032,6.503
50,1588458.285,654307.463,6.514
51,1588463.144,654327.417,6.594
52,1588467.992,654347.854,6.574
53,1588472.845,654367.442,6.565
54,1588477.64,654387.903,6.548
55,1588482.292,654408.607,6.538
56,1588486.636,654428.613,6.584
57,1588491.115,654448.238,6.565
58,1588495.792,654467.819,6.525
59,1588500.47,654487.41,6.509
60,1588505.014,654507.972,6.47
61,1588509.51,654527.751,6.492
62,1588514.558,654548.898,6.505
63,1588519.314,654568.794,6.57
64,1588524.15,654588.334,6.526
65,1588528.804,654608.337,6.518
66,1588533.304,654628.826,6.527
67,1588538.275,654648.629,6.5
68,1588541.863,654668.489,6.454
69,1588545.762,654689.033,6.478
70,1588551.042,654708.565,6.479
71,1588554.5,654728.709,6.483
72,1588558.648,654748.925,6.541
73,1588563.459,654769.272,6.366
74,1588564.656,654802.299,6.556
75,1588568.049,654822.442,6.538
76,1588567.912,654842.807,6.394
77,1588567.589,654863.259,6.523
78,1588579.884,654867.034,4.524
79,1588567.627,654866.857,6.475
80,1588567.976,654886.929,6.325
81,1588567.907,654907.048,6.352
82,1588567.806,654927.484,6.456
83,1588567.513,654947.622,6.38
84,1588567.86,654970.447,6.226
85,1588567.854,654991.066,6.131
86,1588566.877,655011.58,5.979
87,1588565.662,655032.13,6.035
88,1588562.454,655052.065,5.964
89,1588555.594,655071.853,6.144
90,1588543.028,655095.482,6.188
91,1588493.119,655120.247,6.331
92,1588473.629,655126.231,6.404
93,1588441.357,655131.725,6.364
94,1588421.429,655132.608,6.433
95,1588401.156,655132.453,6.406
96,1588380.488,655131.699,6.391
97,1588360.269,655131.086,6.431
98,1588340.005,655130.547,6.397
99,1588319.32,655129.982,6.433
100,1588298.571,655128.502,6.387
101,1588278.444,655126.538,6.277
102,1588258.278,655125.918,6.288
103,1588237.952,655125.686,6.212
104,1588217.897,655124.219,6.233
105,1588197.924,655126.004,6.312
106,1588176.936,655126.032,6.374
107,1588156.888,655125.888,6.373
108,1588136.245,655125.756,6.339
109,1588115.883,655125.162,6.312
110,1588095.837,655124.944,6.232
111,1588074.683,655124.622,6.251
112,1588053.484,655123.856,6.332
113,1588033.323,655123.353,6.367
114,1588012.586,655122.876,6.328
115,1587991.193,655122.269,6.371
116,1587971.058,655121.835,6.419
117,1587950.836,655121.195,6.391
118,1587929.824,655120.285,6.35
119,1587909.433,655119.812,6.347
120,1587888.309,655118.958,6.345
121,1587867.882,655117.443,6.38
122,1587847.774,655114.462,6.388
123,1587827.512,655108.435,6.376
124,1587809.253,655097.712,6.398
125,1587792.707,655086.279,6.433
126,1587776.063,655073.945,6.39
127,1587759.394,655060.777,6.308
128,1587742.606,655048.69,6.333
129,1587726.289,655036.667,6.354
130,1587709.965,655024.392,6.3
131,1587691.571,655010.698,6.296
132,1587675.525,654998.791,6.334
133,1587659.314,654986.967,6.292
134,1587643.122,654975.174,6.333
135,1587625.706,654963.288,6.394
136,1587607.936,654954.062,6.305
137,1587587.78,654947.558,6.302
138,1587567.59,654940.695,6.307
139,1587548.605,654933.972,6.298
140,1587528.513,654927.106,6.319
141,1587507.366,654919.649,6.384
142,1587487.358,654912.847,6.391
143,1587467.016,654906.085,6.404
144,1587447.415,654899.979,6.352
145,1587425.853,654892.805,6.337
146,1587405.814,654885.768,6.363
147,1587386.155,654879.536,6.326
148,1587366.129,654873.422,6.335
149,1587346.099,654867.816,6.311
150,1587326.686,654862.734,6.369
151,1587306.62,654859.901,6.314
152,1587285.861,654859.491,6.331
153,1587265.444,654859.295,6.341
154,1587244.583,654859.443,6.307
155,1587224.378,654859.795,6.251
156,1587203.929,654860.369,6.325
157,1587183.86,654859.412,6.306
158,1587164.303,654853.966,6.299
159,1587148.036,654840.974,6.327
160,1587135.411,654824.121,6.443
161,1587126.119,654805.905,6.489
162,1587118.025,654787.303,6.38
163,1587111.247,654768.173,6.406
164,1587102.647,654749.39,6.421
165,1587095.784,654730.411,6.419
166,1587084.568,654713.624,6.411
167,1587076.276,654695.293,6.432
168,1587067.051,654677.137,6.432
169,1587056.768,654659.542,6.423
170,1587041.478,654646.444,6.44
171,1587024.728,654635.439,6.483
172,1587005.286,654629.029,6.48
173,1586985.421,654626.225,6.452
174,1586965.222,654628.87,6.464
175,1586945.286,654633.501,6.46
176,1586925.696,654638.539,6.424
177,1586906.254,654643.808,6.403
178,1586886.333,654649.007,6.41
179,1586866.716,654654.027,6.33
180,1586847.283,654659.551,6.322
181,1586827.734,654665.211,6.396
182,1586808.008,654669.872,6.385
183,1586788.283,654674.734,6.364
184,1586768.695,654678.652,6.379
185,1586748.555,654682.09,6.378
186,1586728.331,654685.47,6.375
187,1586708.294,654689.045,6.341
188,1586688.697,654692.787,6.328
189,1586668.901,654695.686,6.336
190,1586649.175,654698.808,6.383
191,1586629.193,654702.162,6.368
192,1586609.27,654704.998,6.412
193,1586589.593,654708.465,6.374
194,1586569.249,654711.256,6.335
195,1586548.708,654713.866,6.24
196,1586528.92,654717.196,6.353
197,1586508.568,654720.573,6.339
198,1586488.342,654723.616,6.403
199,1586468.005,654725.923,6.328
200,1586447.777,654727.104,6.304
201,1586427.019,654727.261,6.296
202,1586406.402,654727.532,6.315
203,1586385.819,654727.709,6.286
204,1586365.651,654728.56,6.273
205,1586345.507,654728.539,6.244
206,1586324.633,654728.315,6.214
207,1586304.56,654728.526,6.217
208,1586284.511,654728.571,6.216
209,1586263.603,654728.102,6.261
210,1586242.128,654727.934,6.25
211,1586221.489,654727.946,6.216
212,1586200.642,654727.534,6.197
213,1586179.315,654727.565,6.13
214,1586159.197,654727.512,6.156
215,1586138.76,654727.591,6.232
216,1586117.658,654727.458,6.16
217,1586097.183,654727.452,6.203
218,1586077.238,654727.436,6.157
219,1586057.169,654726.591,6.156
220,1586035.897,654725.47,6.245
221,1586015.873,654725.201,6.178
222,1585995.208,654725.95,6.178
223,1585974.075,654728.272,6.157
224,1585953.643,654732.59,6.125
225,1585934.621,654741.149,6.222
226,1585917.307,654753.859,6.202
227,1585903.215,654768.641,6.229
228,1585890.556,654786.619,6.239
229,1585881.696,654808.974,6.255
230,1585876.115,654828.879,6.228
231,1585869.689,654849.332,6.253
232,1585863.48,654869.913,6.228
233,1585855.5,654888.384,6.094
234,1585845.681,654906.228,6.225
235,1585830.612,654921.156,6.101
236,1585813.127,654931.384,6.158
237,1585793.164,654938.468,6.289
238,1585773.749,654944.002,6.258
239,1585753.833,654949.905,6.287
240,1585733.319,654956.061,6.305
241,1585712.159,654961.991,6.293
242,1585691.171,654967.739,6.343
243,1585671.267,654972.759,6.301
244,1585650.323,654976.263,6.336
245,1585628.821,654977.191,6.339
246,1585607.318,654975.981,6.338
247,1585587.143,654974.332,6.23
248,1585578.732,654985.717,4.571
249,1585520.147,654936.865,6.286
250,1585508.236,654920.107,6.314
251,1585498.023,654902.511,6.265
252,1585478.232,654869.433,6.389
253,1585465.749,654853.674,6.33
254,1585453.117,654836.322,6.277
255,1585440.003,654820.102,6.169
256,1585425.664,654805.428,6.158
257,1585410.245,654791.47,6.254
258,1585394.227,654778.28,6.299
259,1585377.896,654765.555,6.231
260,1585361.307,654752.123,6.209
261,1585345.439,654739.731,6.103
262,1585329.826,654727.163,6.133
263,1585313.012,654713.698,6.113
264,1585297.98,654700.065,6.181
265,1585282.306,654686.264,6.204
266,1585266.099,654672.656,6.257
267,1585250.233,654659.991,6.204
268,1585234.058,654647.511,6.322
269,1585218.104,654635.129,6.323
270,1585201.821,654622.443,6.321
271,1585184.931,654609.15,6.3
272,1585168.131,654595.435,6.362
273,1585152.291,654582.432,6.329
274,1585135.778,654570.111,6.307
275,1585118.762,654557.99,6.271
276,1585101.24,654547.931,6.23
277,1585081.424,654539.852,6.201
278,1585061.208,654535.112,6.276
279,1585040.602,654532.729,6.297
280,1585020.422,654531.204,6.256
281,1584999.475,654529.726,6.317
282,1584977.833,654528.283,6.297
283,1584957.719,654527.277,6.308
284,1584935.716,654526.18,6.288
285,1584914.906,654524.762,6.303
286,1584894.534,654523.329,6.28
287,1584873.535,654521.7,6.196
288,1584852.736,654519.748,6.158
289,1584831.719,654518.179,6.212
290,1584810.59,654517.084,6.265
291,1584790.158,654516.416,6.201
292,1584769.815,654517.686,6.291
293,1584749.584,654523.546,6.315
294,1584732.455,654534.245,6.229
295,1584718.132,654549.908,6.226
296,1584711.855,654569.1,6.064
297,1584710.099,654589.338,5.791
298,1584707.832,654609.58,5.742
299,1584703.618,654660.219,5.839
300,1584702.902,654680.853,5.805
301,1584701.5,654700.92,5.905
302,1584700.381,654721.826,5.913
303,1584700.427,654742.078,6.063
304,1584702.88,654762.519,6.07
305,1584720.837,654771.752,6
306,1584740.745,654775.66,6.17
307,1584758.797,654784.439,6.18
308,1584773.472,654799.374,6.055
309,1584783.352,654817.583,5.986
310,1584789.776,654836.896,6.031
311,1584794.279,654857.346,5.986
312,1584798.463,654877.546,5.916
313,1584801.815,654897.893,6.078
314,1584804.693,654918.563,6.051
315,1584807.85,654939.423,6.1
316,1584811.649,654959.896,6.099
317,1584815.377,654980.356,6.113
318,1584819.146,655000.779,6.16
319,1584822.853,655021.176,6.155
320,1584826.542,655041.151,6.186
321,1584830.035,655061.556,6.147
322,1584833.431,655082.57,6.156
323,1584836.812,655102.465,6.209
324,1584840.326,655123.267,6.22
325,1584844.048,655143.496,6.17
326,1584847.975,655164.018,6.112
327,1584851.782,655183.854,6.083
328,1584855.597,655204.931,6.137
329,1584859.184,655225.313,6.129
330,1584862.762,655246.508,6.182
331,1584866.362,655267.127,6.177
332,1584869.965,655287.961,6.19
333,1584873.526,655308.315,6.19
334,1584877.564,655328.058,6.202
335,1584881.134,655347.889,6.237
336,1584884.862,655368.034,6.219
337,1584888.436,655388.302,6.184
338,1584892.245,655409.126,6.192
339,1584895.73,655429.081,6.176
340,1584899.337,655449.697,6.203
341,1584902.611,655470.581,6.216
342,1584906.538,655490.515,6.162
343,1584910.342,655510.245,6.179
344,1584913.832,655530.548,6.164
345,1584917.567,655551.04,6.189
346,1584921.314,655571.258,6.087
347,1584924.752,655591.389,5.984
348,1584928.37,655611.824,5.954
349,1584932.156,655632.065,6.016
350,1584936.527,655652.595,5.97
351,1584943.036,655672.548,5.951
352,1584951.154,655691.79,5.908
353,1584960.387,655709.742,5.905
354,1584971.212,655727.479,5.959
355,1584984.144,655742.773,5.901
356,1584999.212,655755.955,5.822
357,1585015.486,655767.854,5.846
358,1585032.99,655778.192,5.899
359,1585051.6,655788.326,5.977
360,1585070.983,655797.111,5.961
361,1585089.65,655805.08,5.968
362,1585108.905,655813.366,5.96
363,1585128.613,655821.629,6.021
364,1585148.344,655829.705,6.072
365,1585167.632,655837.717,6.049
366,1585186.999,655845.906,6.164
367,1585206.526,655853.879,6.168
368,1585225.803,655862.1,6.204
369,1585244.397,655870.108,6.167
370,1585262.888,655878.072,6.133
371,1585281.243,655886.617,6.11
372,1585299.634,655896.825,6.105
373,1585317.309,655908.659,6.077
374,1585332.976,655921.546,6.129
375,1585347.471,655937.116,6.104
376,1585358.77,655955.07,6.073
377,1585366.278,655973.707,6.015
378,1585373.156,655995.191,5.966
379,1585377.559,656016.215,6.016
380,1585380.767,656036.429,5.987
381,1585383.93,656056.993,5.975
382,1585387.424,656078.482,6.009
383,1585389.88,656098.841,6.053
384,1585392.102,656119.631,6.03
385,1585394.371,656140.131,6.01
386,1585396.677,656160.413,6.008
387,1585399.601,656180.554,6.043
388,1585407.504,656181.93,4.541
389,1585400.08,656187.753,6.054
390,1585401.111,656208.343,6.035
391,1585402.498,656228.852,6.099
392,1585404.68,656249.759,6.062
393,1585407.18,656272.245,6.019
394,1585409.518,656293.586,6.037
395,1585411.514,656313.828,6.06
396,1585413.387,656334.61,6.059
397,1585415.516,656356.088,6.074
398,1585417.883,656377.735,5.989
399,1585420.38,656399.459,5.998
400,1585422.566,656419.798,6.01
401,1585424.724,656439.77,5.945
402,1585426.79,656459.948,5.929
403,1585429.336,656480.384,5.878
404,1585431.768,656500.77,5.886
405,1585433.298,656521.44,5.908
406,1585433.492,656541.758,6.103
407,1585436.537,656562.798,6.085
408,1585438.873,656583.083,6.147
409,1585441.256,656603.863,6.097
410,1585443.531,656624.256,6.085
411,1585446.729,656645.444,5.955
412,1585448.851,656665.893,5.941
413,1585451.173,656686.316,5.917
414,1585453.345,656706.716,5.879
415,1585455.167,656727.518,5.934
416,1585457.078,656747.774,5.969
417,1585459.163,656768.15,5.955
418,1585461.41,656788.484,5.923
419,1585463.26,656809.353,6.054
420,1585464.503,656829.797,6.005
421,1585466.726,656851.164,5.996
422,1585469.119,656871.699,5.921
423,1585474.545,656924.803,5.75
424,1585477.389,656945.117,5.806
425,1585479.505,656966.352,5.783
426,1585481.591,656986.73,5.695
427,1585482.808,657007.337,5.681
428,1585484.411,657028.887,5.664
429,1585487.442,657049.946,5.754
430,1585489.885,657070.81,5.773
431,1585492.291,657091.36,5.99
432,1585494.652,657112.794,5.983
433,1585497.059,657133.078,5.909
434,1585499.933,657153.046,5.763
435,1585503.175,657173.37,5.669
436,1585504.658,657193.799,5.786
437,1585506.243,657215.001,5.961
438,1585507.685,657236.278,6.032
439,1585509.471,657256.907,6.035
440,1585513.87,657276.978,6.03
441,1585522.552,657295.573,6.149
442,1585534.186,657313.11,6.143
443,1585544.344,657330.55,6.136
444,1585551.139,657350.532,6.242
445,1585554.076,657371.881,6.214
446,1585555.722,657393.755,6.158
447,1585556.436,657415.633,6.227
448,1585555.861,657436.828,6.144
449,1585552.616,657458.711,6.075
450,1585547.536,657480.318,6.013
451,1585542.956,657501.723,6.073
452,1585541.033,657523.079,6.03
453,1585542.191,657543.592,6.076
454,1585544.657,657564.402,6.161
455,1585547.068,657585.337,6.197
456,1585549.475,657605.75,6.185
457,1585551.889,657625.885,6.194
458,1585554.445,657647.087,6.23
459,1585556.751,657667.211,6.284
460,1585559.295,657688.244,6.298
461,1585561.911,657709.499,6.284
462,1585564.241,657730.324,6.299
463,1585566.32,657750.343,6.329
464,1585568.737,657772.248,6.321
465,1585570.893,657794.002,6.32
466,1585573.061,657815.049,6.346
467,1585574.968,657835.128,6.415
468,1585577.709,657855.906,6.39
469,1585580.33,657877.796,6.344
470,1585582.657,657898.113,6.329
471,1585585.025,657918.557,6.344
472,1585587.53,657939.116,6.313
473,1585590.532,657959.344,6.271
474,1585594.919,657979.256,6.275
475,1585601.587,657999.698,6.222
476,1585610.097,658018.857,6.237
477,1585620.571,658037.23,6.308
478,1585633.39,658053.753,6.293
479,1585648.784,658067.886,6.291
480,1585666.29,658080.089,6.314
481,1585685.7,658090.357,6.21
482,1585704.651,658097.692,6.215
483,1585724.601,658102.748,6.251
484,1585745.095,658106.659,6.291
485,1585766.085,658109.708,6.319
486,1585787.416,658111.667,6.242
487,1585808.612,658113.184,6.27
488,1585829.159,658113.502,6.329
489,1585850.455,658112.299,6.259
490,1585873.684,658108.202,6.214
491,1585894.293,658102.563,6.17
492,1585914.388,658096.413,6.146
493,1585933.609,658090.503,6.163
494,1585953.305,658085.063,6.079
495,1585972.738,658080.091,6.07
496,1585992.737,658074.694,6.104
497,1586012.674,658069.689,6.126
498,1586032.052,658064.093,6.114
499,1586051.692,658059.522,6.17
500,1586072.221,658054.403,6.055
501,1586091.83,658048.804,6.196
502,1586111.136,658043.382,6.202
503,1586130.475,658038.15,6.261
504,1586152.707,658031.964,6.297
505,1586173.482,658025.916,6.296
506,1586194.558,658020.019,6.271
507,1586214.076,658014.787,6.269
508,1586233.915,658009.547,6.298
509,1586255.975,658003.429,6.355
510,1586276.209,657997.853,6.302
511,1586296.222,657992.509,6.275
512,1586316.377,657986.698,6.291
513,1586336.98,657980.448,6.314
514,1586357.593,657974.287,6.299
515,1586376.754,657968.584,6.177
516,1586396.509,657963.201,6.172
517,1586416.539,657957.876,6.249
518,1586436.787,657952.477,6.309
519,1586456.469,657947.142,6.344
520,1586475.876,657941.978,6.299
521,1586495.809,657936.529,6.291
522,1586517.616,657930.547,6.306
523,1586537.651,657924.887,6.274
524,1586556.928,657919.637,6.236
525,1586577.064,657913.601,6.289
526,1586596.983,657908.14,6.302
527,1586616.626,657902.856,6.386
528,1586637.303,657897.583,6.377
529,1586657.967,657892.738,6.433
530,1586677.229,657887.531,6.418
531,1586697.404,657881.945,6.256
532,1586717.584,657875.605,6.257
533,1586737.714,657869.843,6.359
534,1586758.269,657864.667,6.289
535,1586778.074,657860.101,6.389
536,1586798.617,657854.621,6.368
537,1586818.238,657849.247,6.32
538,1586837.489,657844.022,6.249
539,1586857.124,657838.94,6.333
540,1586877.686,657833.272,6.364
541,1586897.35,657827.706,6.382
542,1586917.568,657822.235,6.388
543,1586938.573,657816.954,6.372
544,1586957.815,657811.706,6.398
545,1586977.738,657805.838,6.454
546,1586998.155,657799.818,6.48
547,1587018.853,657794.139,6.4
548,1587039.808,657788.592,6.416
549,1587060.687,657782.869,6.382
550,1587081.302,657777.313,6.316
551,1587101.965,657771.897,6.376
552,1587121.636,657766.492,6.334
553,1587141.345,657761.334,6.324
554,1587161.069,657756.014,6.318
555,1587180.417,657751.071,6.31
556,1587200.75,657745.914,6.293
557,1587221.754,657740.394,6.322
558,1587240.93,657734.486,6.306
559,1587261.285,657728.139,6.257
560,1587282.381,657721.845,6.269
561,1587301.536,657715.656,6.278
562,1587320.917,657709.881,6.399
563,1587340.507,657704.035,6.344
564,1587360.065,657698.196,6.338
565,1587381.237,657692.291,6.404
566,1587401.216,657687.479,6.498
567,1587422.747,657685.262,6.604
568,1587443.164,657686.575,6.671
569,1587463.64,657689.292,6.684
570,1587483.455,657692.829,6.669
571,1587503.968,657696.631,6.576
572,1587523.813,657700.227,6.728
573,1587543.695,657704.205,6.73
574,1587564.061,657707.727,6.675
575,1587584.173,657711.443,6.625
576,1587604.415,657715.625,6.703
577,1587624.117,657719.605,6.562
578,1587643.857,657723.512,6.538
579,1587663.436,657727.83,6.599
580,1587683.673,657731.977,6.626
581,1587704.057,657735.757,6.608
582,1587723.562,657740.282,6.592
583,1587744.389,657743.624,6.643
584,1587764.697,657746.875,6.676
585,1587784.868,657750.671,6.707
586,1587805.994,657754.709,6.711
587,1587826.102,657758.741,6.7
588,1587846.711,657763.061,6.722
589,1587867.039,657767.466,6.728
590,1587886.589,657771.427,6.727
591,1587906.859,657775.5,6.688
592,1587927.299,657780.187,6.677
593,1587946.832,657784.79,6.71
594,1587967.224,657789.476,6.725
595,1587988.386,657796.214,6.676
596,1588007.378,657805.794,6.735
597,1588025.361,657815.422,6.678
598,1588043.818,657798.604,4.579
599,1588037.769,657823.117,6.66
600,1588054.3,657835.082,6.749
601,1588071.209,657846.323,6.847
602,1588082.887,657862.992,6.834
603,1588093.845,657880.674,6.744
604,1588104.079,657897.917,6.665
605,1588114.312,657916.44,6.735
606,1588123.815,657935.038,6.728
607,1588133.619,657953.099,6.749
608,1588143.324,657970.896,6.758
609,1588153.907,657990.165,6.772
610,1588163.593,658007.937,6.742
611,1588173.88,658025.559,6.767
612,1588184.106,658042.922,6.799
613,1588194.06,658060.812,6.781
614,1588204.223,658079.674,6.799
615,1588214.679,658097.809,6.829
616,1588225.619,658117.059,6.798
617,1588235.475,658135.07,6.773
618,1588245.894,658154.094,6.769
619,1588256.027,658172.092,6.808
620,1588266.191,658189.72,6.758
621,1588274.836,658207.846,6.739
622,1588281.521,658227.043,6.715
623,1588284.101,658247.58,6.708
624,1588279.888,658267.902,6.74
625,1588274.956,658288.393,6.772
626,1588270.495,658309.236,6.756
627,1588266.141,658329.287,6.885
628,1588261.529,658348.876,6.884
629,1588256.572,658368.608,6.762
630,1588251.719,658388.071,6.751
631,1588246.848,658407.794,6.716
632,1588242.071,658427.573,6.737
633,1588237.722,658447.269,6.696
634,1588232.996,658468.281,6.815
635,1588227.726,658488.459,6.741
636,1588222.781,658508.261,6.746
637,1588217.747,658528.382,6.707
638,1588212.63,658548.459,6.782
639,1588207.858,658567.977,6.797
640,1588203.062,658588.319,6.816
641,1588198.121,658609.717,6.846
642,1588193.162,658629.581,6.815
643,1588187.93,658650.39,6.783
644,1588182.706,658671.926,6.803
645,1588177.877,658692.907,6.775
646,1588172.802,658713.063,6.812
647,1588168.087,658733.058,6.776
648,1588163.678,658752.924,6.759
649,1588159.142,658772.5,6.71
650,1588154.471,658792.235,6.733
651,1588149.605,658812.636,6.706
652,1588144.901,658833.41,6.822
653,1588140.063,658854.624,6.857
654,1588135.484,658874.61,6.814
655,1588130.011,658894.593,6.834
656,1588124.56,658914.773,6.822
657,1588119.658,658934.362,6.872
658,1588115.06,658954.262,6.852
659,1588110.41,658974.492,6.671
660,1588105.501,658995.603,6.573
661,1588100.603,659015.077,6.497
662,1588094.879,659036.456,6.471
663,1588089.694,659058.024,6.514
664,1588084.961,659077.987,6.499
665,1588080.06,659098.464,6.467
666,1588075.309,659119.485,6.458
667,1588071.085,659140.197,6.457
668,1588068.389,659160.449,6.459
669,1588067.45,659183.18,6.44
670,1588068.917,659203.513,6.386
671,1588072.894,659223.7,6.45
672,1588080.088,659243.056,6.54
673,1588089.688,659261.138,6.552
674,1588100.438,659278.387,6.531
675,1588112.565,659294.893,6.561
676,1588125.449,659310.477,6.628
677,1588138.884,659325.368,6.718
678,1588152.497,659340.184,6.823
679,1588166.927,659355.253,6.821
680,1588181.483,659369.199,6.856
681,1588196.456,659384.577,6.842
682,1588211.359,659400.063,6.789
683,1588227,659415.316,6.828
684,1588242.34,659429.909,6.808
685,1588258.294,659445.081,6.817
686,1588273.036,659459.219,6.782
687,1588287.826,659474.155,6.769
688,1588303.719,659488.851,6.831
689,1588319.2,659503.694,6.816
690,1588333.986,659517.292,6.858
691,1588348.888,659532.15,6.899
692,1588363.128,659546.923,6.859
693,1588377.299,659561.652,6.839
694,1588392.014,659576.484,6.868
695,1588407.97,659590.265,6.869
696,1588423.403,659605.316,6.91
697,1588438.248,659620.099,6.857
698,1588453.38,659634.225,6.865
699,1588469.128,659649.152,6.905
700,1588484.566,659663.902,6.892
701,1588500.009,659678.354,6.876
702,1588515.432,659693.03,6.892
703,1588530.646,659707.646,6.897
704,1588546.205,659723.133,6.92
705,1588560.486,659737.894,6.919
706,1588575.118,659752.778,6.853
707,1588591.354,659767.116,6.916
708,1588607.376,659781.142,6.892
709,1588623.339,659795.484,6.857
710,1588637.742,659809.52,6.811
711,1588654.783,659820.704,6.117
712,1588671.95,659808.761,6.16
713,1588687.135,659793.362,6.159
714,1588701.777,659778.444,6.16
715,1588716.498,659763.381,6.173
716,1588730.684,659748.931,6.167
717,1588745.24,659734.269,6.098
718,1588759.499,659719.779,6.175
719,1588774.423,659704.561,6.16
720,1588788.772,659690.125,6.159
721,1588803.758,659675.353,6.102
722,1588818.788,659660.839,6.033
723,1588834.54,659648.071,5.914
724,1588853.114,659638.321,5.854
725,1588873.249,659631.483,5.952
726,1588892.557,659625.291,6.188
727,1588911.813,659619.229,6.364
728,1588932.366,659613.492,6.558
729,1588953.401,659608.526,6.655
730,1588973.228,659604.147,6.726
731,1588994.049,659599.483,6.794
732,1589013.621,659595.239,6.815
733,1589033.861,659590.791,6.82
734,1589053.928,659586.307,6.818
735,1589073.804,659581.944,6.836
736,1589094.531,659577.462,6.806
737,1589115.633,659572.905,6.824
738,1589137.125,659568.313,6.838
739,1589158.847,659563.63,6.813
740,1589180.533,659558.801,6.815
741,1589201.891,659553.949,6.813
742,1589223.067,659549.126,6.821
743,1589244.568,659544.157,6.85
744,1589264.117,659540.105,6.884
745,1589286.073,659535.81,6.922
746,1589307.574,659532.794,6.985
747,1589328.863,659532.703,6.943
748,1589349.859,659535.559,6.938
749,1589370.611,659540.211,6.972
750,1589390.064,659547.229,6.965
751,1589408.412,659557.112,6.974
752,1589426.188,659568.864,6.877
753,1589443.763,659581.411,6.887
754,1589461.304,659594.172,6.902
755,1589478.778,659607.129,6.916
756,1589496.218,659620.33,6.884
757,1589513.75,659633.585,6.862
758,1589531.386,659646.803,6.84
759,1589549,659660.278,6.843
760,1589564.896,659672.519,6.829
761,1589581.024,659684.875,6.835
762,1589597.093,659697.116,6.855
763,1589614.269,659710.122,6.868
764,1589630.318,659722.275,6.846
765,1589647.157,659734.97,6.898
766,1589664.195,659747.664,6.903
767,1589681.784,659760.959,6.918
768,1589697.923,659773.203,6.918
769,1589715.32,659785.227,6.914
770,1589733.619,659796.626,6.919
771,1589751.146,659806.394,6.895
772,1589769.56,659815.648,6.878
773,1589788.143,659824.187,6.9
774,1589807.391,659831.987,6.933
775,1589826.154,659839.164,6.9
776,1589845.177,659846.324,6.939
777,1589863.919,659853.3,6.936
778,1589882.873,659860.388,6.891
779,1589902.451,659867.879,6.899
780,1589922.795,659875.493,6.891
781,1589941.998,659882.653,6.914
782,1589961.212,659890.044,6.908
783,1589981.385,659898.03,6.922
784,1590000.579,659905.488,6.918
785,1590020.261,659913.044,6.921
786,1590039.978,659920.367,6.958
787,1590060.128,659927.6,6.93
788,1590079.882,659934.911,6.961
789,1590101.432,659943.178,6.959
790,1590121.824,659950.905,6.956
791,1590140.879,659957.934,6.95
792,1590160.662,659965.194,6.954
793,1590180.627,659972.933,7.013
794,1590200.681,659980.778,6.999
795,1590220.81,659988.523,6.973
796,1590240.916,659996.186,6.966
797,1590260.72,660003.76,6.963
798,1590280.072,660011.341,6.93
799,1590299.123,660018.76,6.958
800,1590319.442,660026.535,6.943
801,1590339.117,660034.211,6.95
802,1590358.703,660041.432,6.948
803,1590379.724,660048.071,6.949
804,1590399.649,660052.252,6.911
805,1590421.433,660052.975,6.9
806,1590441.645,660050.809,6.92
807,1590461.999,660046.846,6.95
808,1590483.326,660039.992,6.915
809,1590503.286,660031.154,6.947
810,1590521.87,660021.071,6.962
811,1590538.93,660010.266,6.938
812,1590556.625,659998.456,6.995
813,1590576.361,659984.735,7
814,1590592.826,659973.348,6.989
815,1590609.72,659961.796,7.011
816,1590626.946,659949.903,7.067
817,1590644.302,659937.747,7.052
818,1590661.564,659925.468,7.014
819,1590678.53,659913.417,6.99
820,1590695.205,659901.648,7.021
821,1590711.924,659889.905,6.989
822,1590729.131,659878.129,6.992
823,1590746.488,659866.429,7.033
824,1590763.817,659854.627,7.039
825,1590781.183,659842.672,7.074
826,1590798.758,659830.608,7.067
827,1590816.386,659818.503,7.061
828,1590834.341,659806.28,7.05
829,1590852.48,659793.97,7.046
830,1590870.778,659781.646,7.032
831,1590889.104,659769.168,7.029
832,1590907.301,659756.921,7.015
833,1590925.359,659744.743,7.032
834,1590943.338,659732.411,7.014
835,1590961.223,659720.014,7.008
836,1590979.112,659707.592,7.066
837,1590996.903,659695.278,7.095
838,1591014.325,659683.094,7.048
839,1591031.051,659670.434,7.063
840,1591047.505,659656.086,7.085
841,1591062.762,659641.359,7.071
842,1591078.018,659626.086,7.071
843,1591092.61,659610.771,7.08
844,1591107.813,659595.185,7.049
845,1591123.066,659579.242,7.066
846,1591137.982,659563.586,7.071
847,1591152.11,659548.829,7.066
848,1591166.557,659533.876,7.09
849,1591181.764,659518.291,7.078
850,1591195.816,659503.608,7.072
851,1591210.118,659488.694,7.074
852,1591224.438,659473.882,7.059
853,1591238.832,659459.343,7.075
854,1591253.475,659444.849,7.114
855,1591267.977,659430.639,7.136
856,1591283.968,659415.451,7.174
857,1591299.7,659400.919,7.171
858,1591314.958,659387.074,7.18
859,1591330.456,659373.598,7.188
860,1591346.494,659359.968,7.156
861,1591362.973,659346.144,7.172
862,1591378.708,659333.207,7.193
863,1591394.287,659320.597,7.221
864,1591410.343,659308.121,7.227
865,1591426.695,659296.341,7.191
866,1591443.099,659284.408,7.134
867,1591459.627,659272.794,7.102
868,1591476.308,659260.774,7.066
869,1591492.882,659249.074,7.07
870,1591509.786,659237.468,7.023
871,1591527.079,659225.737,7.018
872,1591544.089,659214.216,7.081
873,1591560.55,659202.744,7.1
874,1591577.662,659190.718,7.053
875,1591594.659,659179.25,7.083
876,1591612.436,659166.929,7.08
877,1591629.643,659154.914,7.135
878,1591646.941,659143.293,7.151
879,1591666.029,659144.696,6.198
880,1591660.968,659133.287,7.153
881,1591678.159,659121.596,7.143
882,1591695.2,659110.101,7.123
883,1591712.577,659098.58,7.118
884,1591729.113,659087.138,7.096
885,1591745.565,659075.663,7.115
886,1591762.998,659063.618,7.079
887,1591779.776,659051.716,7.056
888,1591798.206,659038.787,7.062
889,1591815.483,659027.405,7.069
890,1591833.195,659015.431,7.107
891,1591850.663,659003.385,7.106
892,1591867.083,658991.93,7.088
893,1591884.199,658980.037,7.106
894,1591901.843,658967.953,7.109
895,1591920.045,658956.027,7.105
896,1591937.288,658944.497,7.087
897,1591954.454,658932.147,7.114
898,1591971.943,658919.43,7.086
899,1591990.437,658906.648,7.08
900,1592007.857,658894.6,7.059
901,1592025.137,658882.778,7.026
902,1592042.281,658871.238,7.064
903,1592059.255,658859.826,7.107
904,1592075.966,658848.566,7.11
905,1592093.386,658836.56,7.116
906,1592110.859,658824.365,7.167
907,1592129.56,658811.437,7.169
908,1592147.36,658799.115,7.179
909,1592165.391,658786.547,7.184
910,1592182.242,658774.846,7.152
911,1592200.178,658762.627,7.172
912,1592218.056,658750.324,7.15
913,1592234.492,658738.711,7.11
914,1592251.998,658726.639,7.146
915,1592268.561,658715.36,7.146
916,1592285.068,658703.781,7.135
917,1592301.704,658692.278,7.114
918,1592318.288,658680.815,7.12
919,1592335.413,658669.328,7.134
920,1592353.559,658657.063,7.143
921,1592371.188,658645.003,7.148
922,1592388.159,658633.333,7.132
923,1592405.309,658621.535,7.148
924,1592421.955,658610.008,7.087
925,1592439.858,658597.835,7.152
926,1592457.564,658585.684,7.154
927,1592474.503,658573.98,7.145
928,1592492.667,658561.567,7.161
929,1592510.143,658549.767,7.171
930,1592528.249,658537.565,7.179
931,1592544.746,658526.278,7.165
932,1592563.009,658513.791,7.174
933,1592580.609,658501.584,7.185
934,1592597.78,658489.866,7.189
935,1592615.427,658477.617,7.181
936,1592633.14,658465.769,7.178
937,1592650.697,658453.807,7.174
938,1592667.471,658442.056,7.192
939,1592684.834,658429.794,7.19
940,1592701.783,658417.949,7.18
941,1592719.126,658406.422,7.202
942,1592736.12,658394.994,7.211
943,1592753.866,658383.456,7.21
944,1592771.792,658371.086,7.236
945,1592791.05,658357.836,7.25
946,1592808.641,658346.93,7.239
947,1592826.876,658336.31,7.332
948,1592844.987,658326.498,7.33
949,1592863.871,658317.867,7.351
950,1592883.439,658310.424,7.311
951,1592903.773,658304.105,7.277
952,1592924.359,658298.823,7.328
953,1592944.847,658294.755,7.363
954,1592965.307,658292.024,7.287
955,1592985.711,658290.451,7.219
956,1593006.919,658288.755,7.215
957,1593028.803,658287.062,7.219
958,1593049.841,658285.512,7.206
959,1593070.331,658283.909,7.202
960,1593090.63,658282.27,7.239
961,1593111.78,658280.796,7.19
962,1593132,658279.242,7.208
963,1593153.102,658277.891,7.228
964,1593174.796,658276.61,7.212
965,1593196.534,658275.145,7.213
966,1593217.211,658273.553,7.195
967,1593237.862,658272.002,7.246
968,1593258.75,658270.938,7.273
969,1593279.979,658270.554,7.308
970,1593301.586,658271.17,7.295
971,1593323.191,658272.449,7.33
972,1593344.638,658274.502,7.359
973,1593365.858,658278.065,7.326
974,1593386.807,658282.732,7.264
975,1593407.288,658287.836,7.298
976,1593427.576,658293.023,7.259
977,1593447.998,658298.224,7.26
978,1593468.287,658303.444,7.261
979,1593487.785,658308.642,7.267
980,1593508.842,658314.111,7.291
981,1593529.539,658319.256,7.289
982,1593550.153,658324.482,7.278
983,1593569.944,658329.624,7.249
984,1593590.096,658334.734,7.265
985,1593610.583,658339.832,7.251
986,1593631.176,658345.164,7.284
987,1593651.401,658350.766,7.337
988,1593670.504,658356.587,7.398
989,1593690.955,658363.752,7.388
990,1593709.799,658371.658,7.415
991,1593728.279,658380.764,7.412
992,1593745.952,658390.927,7.384
993,1593763.147,658401.849,7.318
994,1593780.276,658413.26,7.286
995,1593797.779,658425.297,7.325
996,1593815.94,658437.695,7.342
997,1593832.505,658449.063,7.324
998,1593849.209,658460.597,7.281
999,1593865.927,658472.108,7.302
1000,1593882.827,658483.7,7.287
1001,1593899.891,658495.675,7.29
1002,1593917.081,658507.949,7.363
1003,1593934.622,658520.208,7.38
1004,1593952.518,658532.473,7.374
1005,1593970.486,658545.155,7.455
1006,1593988.496,658558.076,7.408
1007,1594006.273,658570.656,7.397
1008,1594023.097,658582.309,7.405
1009,1594042.622,658596.022,7.361
1010,1594059.436,658607.973,7.384
1011,1594075.903,658619.697,7.367
1012,1594092.514,658631.447,7.397
1013,1594110.363,658643.973,7.383
1014,1594128.172,658656.385,7.37
1015,1594146.437,658668.798,7.38
1016,1594164.731,658681.04,7.343
1017,1594184.565,658694.529,7.393
1018,1594201.045,658706.139,7.319
1019,1594217.822,658718.065,7.332
1020,1594234.806,658729.897,7.34
1021,1594251.615,658741.66,7.355
1022,1594268.258,658753.705,7.394
1023,1594284.434,658765.54,7.367
1024,1594300.952,658776.801,7.377
1025,1594317.834,658788.292,7.358
1026,1594334.636,658799.745,7.322
1027,1594352.582,658811.938,7.33
1028,1594369.564,658823.581,7.334
1029,1594386.793,658835.564,7.317
1030,1594403.434,658847.368,7.338
1031,1594419.675,658859.057,7.381
1032,1594436.84,658871.32,7.446
1033,1594454.713,658883.4,7.397
1034,1594471.355,658894.738,7.371
1035,1594489.936,658907.598,7.346
1036,1594507.712,658919.973,7.364
1037,1594524.582,658931.795,7.424
1038,1594541.897,658943.907,7.423
1039,1594559.567,658956.319,7.404
1040,1594577.055,658969.154,7.496
1041,1594593.494,658982.786,7.51
1042,1594608.806,658996.005,7.587
1043,1594624.297,659009.77,7.584
1044,1594639.248,659023.462,7.556
1045,1594654.118,659037.597,7.565
1046,1594668.246,659053.342,7.516
1047,1594682.917,659068.402,7.464
1048,1594697.794,659083.563,7.427
1049,1594712.487,659098.841,7.409
1050,1594726.817,659113.503,7.411
1051,1594741.596,659128.558,7.41
1052,1594755.733,659143.384,7.45
1053,1594770.153,659157.982,7.439
1054,1594785.933,659173.049,7.411
1055,1594801.979,659186.345,7.417
1056,1594820.391,659199.276,7.398
1057,1594838.726,659210.669,7.405
1058,1594857.926,659220.664,7.422
1059,1594876.652,659228.67,7.422
1060,1594896.058,659235.558,7.428
1061,1594918.248,659242.134,7.421
1062,1594938.573,659247.951,7.446
1063,1594958.741,659253.495,7.457
1064,1594978.514,659258.751,7.452
1065,1594998.506,659264.027,7.452
1066,1595018.075,659269.595,7.499
1067,1595038.817,659275.551,7.483
1068,1595058.333,659280.767,7.492
1069,1595079.006,659285.805,7.494
1070,1595099.41,659290.758,7.486
1071,1595120.673,659295.236,7.452
1072,1595140.461,659298.575,7.409
1073,1595160.718,659300.745,7.424
1074,1595181.464,659300.637,7.42
1075,1595202.413,659297.952,7.47
1076,1595223.152,659293.075,7.509
1077,1595243.372,659286.351,7.512
1078,1595262.889,659277.745,7.479
1079,1595281.426,659267.412,7.476
1080,1595297.884,659255.507,7.473
1081,1595312.363,659241.385,7.446
1082,1595324.981,659223.599,7.482
1083,1595333.553,659204.411,7.521
1084,1595338.673,659184.055,7.519
1085,1595339.796,659162.85,7.44
1086,1595337.797,659140.953,7.509
1087,1595334.655,659120.673,7.481
1088,1595330.918,659100.145,7.462
1089,1595327.228,659079.552,7.481
1090,1595323.749,659059.677,7.46
1091,1595319.416,659036.04,7.474
1092,1595315.614,659014.853,7.492
1093,1595311.681,658993.36,7.47
1094,1595308.001,658973.369,7.508
1095,1595303.972,658952.014,7.486
1096,1595300.121,658931.372,7.572
1097,1595283.558,658842.268,7.474
1098,1595281.532,658821.875,7.48
1099,1595280.036,658800.659,7.531
1100,1595277.643,658780.293,7.449
1101,1595274.452,658759.381,7.452
1102,1595268.495,658738.731,7.453
1103,1595263.119,658719.125,7.452
1104,1595259.254,658697.911,7.492
1105,1595255.651,658677.272,7.511
1106,1595252.497,658656.153,7.531
1107,1595248.565,658635.816,7.454
1108,1595244.292,658615.692,7.476
1109,1595240.759,658595.529,7.473
1110,1595237.202,658575.226,7.473
1111,1595233.698,658554.82,7.477
1112,1595230.082,658534.971,7.452
1113,1595226.179,658513.837,7.474
1114,1595222.436,658493.409,7.443
1115,1595218.442,658471.92,7.427
1116,1595214.86,658451.68,7.432
1117,1595211.205,658430.79,7.494
1118,1595207.584,658409.701,7.534
1119,1595204.467,658388.618,7.587
1120,1595202.215,658367.903,7.575
1121,1595201.443,658347.369,7.564
1122,1595202.291,658326.978,7.58
1123,1595205.161,658307.041,7.595
1124,1595210.532,658285.419,7.627
1125,1595216.713,658266.127,7.629
1126,1595225.687,658246.499,7.585
1127,1595237.315,658229.787,7.626
1128,1595250.91,658213.941,7.592
1129,1595265.472,658198.404,7.614
1130,1595280.51,658184.457,7.623
1131,1595297.454,658171.123,7.637
1132,1595315.385,658158.889,7.658
1133,1595332.474,658147.995,7.653
1134,1595349.987,658137.084,7.621
1135,1595367.162,658126.319,7.552
1136,1595384.478,658115.375,7.584
1137,1595402.64,658104.139,7.593
1138,1595420.451,658093.595,7.572
1139,1595437.851,658082.129,7.581
1140,1595454.832,658071.429,7.586
1141,1595472.939,658060.269,7.606
1142,1595490.093,658049.568,7.637
1143,1595508.131,658037.992,7.65
1144,1595525.475,658027.132,7.631
1145,1595543.035,658015.854,7.603
1146,1595560.496,658004.571,7.639
1147,1595577.523,657993.595,7.661
1148,1595595.372,657982.313,7.619
1149,1595613.325,657970.968,7.616
1150,1595630.233,657960.13,7.668
1151,1595647.554,657949.069,7.668
1152,1595665.122,657938.32,7.659
1153,1595682.541,657927.663,7.711
1154,1595701.391,657916.312,7.735
1155,1595718.746,657906.337,7.72
1156,1595736.792,657896.634,7.751
1157,1595755.579,657887.505,7.747
1158,1595774.932,657878.893,7.753
1159,1595794.683,657870.819,7.826
1160,1595814.467,657863.503,7.825
1161,1595834.141,657857.142,7.815
1162,1595853.884,657851.907,7.763
1163,1595873.502,657847.326,7.751
1164,1595893.335,657842.999,7.695
1165,1595913.434,657838.861,7.685
1166,1595934.371,657834.517,7.641
1167,1595955.327,657830.581,7.645
1168,1595974.94,657826.925,7.627
1169,1595995.941,657822.801,7.638
1170,1596016.168,657819.034,7.629
1171,1596037.294,657815.255,7.647
1172,1596058.322,657812.857,7.725
1173,1596078.764,657810.902,7.711
1174,1596098.715,657810.25,7.644
1175,1596108.122,657809.458,7.554
1176,1596126.257,657800.817,7.716
1177,1596145.884,657795.11,7.723
1178,1596165.386,657790.54,7.701
1179,1596185.82,657786.434,7.696
1180,1596206.617,657782.887,7.718
1181,1596227.094,657779.528,7.699
1182,1596247.474,657776.166,7.731
1183,1596267.267,657771.664,7.706
1184,1596287.6,657767.567,7.694
1185,1596308.194,657763.427,7.717
1186,1596328.598,657759.146,7.687
1187,1596348.57,657754.662,7.691
1188,1596368.343,657750.152,7.669
1189,1596387.85,657745.036,7.708
1190,1596407.164,657739.31,7.713
1191,1596426.507,657732.975,7.668
1192,1596445.89,657726.344,7.669
1193,1596467.213,657718.62,7.702
1194,1596486.549,657711.294,7.697
1195,1596506.62,657703.568,7.714
1196,1596526.098,657696.273,7.719
1197,1596545.34,657688.905,7.725
1198,1596564.081,657681.915,7.735
1199,1596583.064,657674.714,7.751
1200,1596602.07,657667.489,7.744
1201,1596620.949,657660.114,7.744
1202,1596639.909,657652.971,7.756
1203,1596658.756,657645.869,7.705
1204,1596677.406,657638.643,7.778
1205,1596697.336,657631.026,7.752
1206,1596716.396,657624.181,7.773
1207,1596736.158,657616.907,7.762
1208,1596755.408,657609.496,7.739
1209,1596774.454,657602.171,7.707
1210,1596794.355,657594.076,7.71
1211,1596814.148,657586.678,7.661
1212,1596833.049,657579.566,7.712
1213,1596852.114,657572.6,7.735
1214,1596871.547,657565.47,7.759
1215,1596890.745,657557.931,7.822
1216,1596910.16,657550.502,7.789
1217,1596930.005,657543.015,7.786
1218,1596950.368,657535.479,7.825
1219,1596969.036,657528.29,7.785
1220,1596987.773,657521.363,7.844
1221,1597006.917,657514.538,7.847
1222,1597026.04,657508.795,7.964
1223,1597046.902,657504.802,7.93
1224,1597067.886,657502.976,7.847
1225,1597088.712,657502.544,7.827
1226,1597109.063,657503.845,7.792
1227,1597129.075,657506.03,7.728
1228,1597150.54,657508.169,7.781
1229,1597170.91,657508.651,7.744
1230,1597190.385,657502.158,7.648
1231,1597204.608,657488.019,7.756
1232,1597214.257,657470.156,7.847
1233,1597221.248,657450.488,7.826
1234,1597227.919,657431.165,7.842
1235,1597234.409,657411.563,7.863
1236,1597240.76,657391.909,7.832
1237,1597247.084,657371.898,7.82
1238,1597254.175,657352.123,7.839
1239,1597261.16,657332.824,7.803
1240,1597267.671,657312.887,7.81
1241,1597273.905,657293.4,7.797
1242,1597279.766,657273.92,7.806
1243,1597285.556,657254.409,7.808
1244,1597290.977,657234.855,7.785
1245,1597295.935,657215.084,7.762
1246,1597300.484,657195.133,7.784
1247,1597304.944,657174.899,7.797
1248,1597309.101,657152.899,7.815
1249,1597312.425,657132.145,7.785
1250,1597315.464,657111.061,7.772
1251,1597318.404,657089.654,7.775
1252,1597321.319,657069.705,7.819
1253,1597324.29,657049.554,7.848
1254,1597327.132,657029.027,7.805
1255,1597330.007,657008.413,7.827
1256,1597333.059,656987.87,7.806
1257,1597336.202,656967.384,7.846
1258,1597339.311,656946.94,7.853
1259,1597342.379,656926.586,7.805
1260,1597345.497,656906.686,7.828
1261,1597348.39,656885.047,7.813
1262,1597351.059,656864.97,7.78
1263,1597353.968,656844.942,7.794
1264,1597356.749,656824.931,7.781
1265,1597359.524,656805.031,7.752
1266,1597362.661,656783.701,7.806
1267,1597366.008,656762.422,7.758
1268,1597369.043,656742.574,7.761
1269,1597372.012,656722.45,7.789
1270,1597374.841,656702.317,7.782
1271,1597377.368,656682.332,7.791
1272,1597379.924,656660.663,7.785
1273,1597382.32,656639.061,7.74
1274,1597384.212,656617.491,7.767
1275,1597385.576,656596.284,7.75
1276,1597386.754,656575.555,7.744
1277,1597387.882,656555.159,7.773
1278,1597389.308,656534.577,7.772
1279,1597390.652,656513.503,7.739
1280,1597392.259,656492.219,7.783
1281,1597393.72,656471.192,7.749
1282,1597394.844,656448.469,7.748
1283,1597395.828,656427.476,7.713
1284,1597396.714,656406.569,7.656
1285,1597398.079,656385.302,7.653
1286,1597399.58,656364.169,7.713
1287,1597400.778,656343.844,7.686
1288,1597401.927,656322.604,7.691
1289,1597403.115,656301.029,7.721
1290,1597404.358,656280.051,7.77
1291,1597405.945,656259.071,7.704
1292,1597407.402,656237.653,7.73
1293,1597408.571,656216.592,7.732
1294,1597409.954,656194.892,7.682
1295,1597411.107,656174.538,7.667
1296,1597410.764,656152.876,7.678
1297,1597407.261,656132.986,7.67
1298,1597399.809,656113.288,7.721
1299,1597388.903,656094.435,7.731
1300,1597376.356,656078.457,7.726
1301,1597361.208,656064.941,7.731
1302,1597343.406,656053.864,7.727
1303,1597325.454,656044.71,7.672
1304,1597306.646,656035.299,7.722
1305,1597288.076,656026.531,7.632
1306,1597269.155,656017.214,7.621
1307,1597250.158,656008.03,7.648
1308,1597230.811,655998.676,7.634
1309,1597211.863,655989.673,7.624
1310,1597193.756,655981.166,7.638
1311,1597175.644,655972.373,7.652
1312,1597157.163,655963.214,7.681
1313,1597138.682,655954.212,7.671
1314,1597120.131,655945.344,7.668
1315,1597101.651,655936.392,7.671
1316,1597082.731,655926.688,7.689
1317,1597064.339,655918.756,7.584
1318,1597057.457,655903.686,7.023
1319,1597047.638,655904.399,7.581
1320,1597027.893,655899.093,7.629
1321,1597009.224,655891.733,7.593
1322,1596990.409,655882.211,7.617
1323,1596971.525,655872.576,7.678
1324,1596952.59,655863.076,7.671
1325,1596934.265,655854.322,7.615
1326,1596915.728,655845.497,7.554
1327,1596896.949,655836.466,7.528
1328,1596877.683,655827.319,7.495
1329,1596858.481,655817.936,7.491
1330,1596840.329,655809.12,7.463
1331,1596821.083,655799.94,7.495
1332,1596801.896,655790.546,7.472
1333,1596782.726,655781.085,7.491
1334,1596763.404,655772.219,7.459
1335,1596744.817,655763.918,7.52
1336,1596724.994,655756.145,7.529
1337,1596705.407,655750.224,7.508
1338,1596684.449,655745.361,7.551
1339,1596663.888,655741.953,7.597
1340,1596642.821,655740.271,7.556
1341,1596622.029,655740.302,7.552
1342,1596601.2,655741.413,7.603
1343,1596580.935,655742.892,7.551
1344,1596560.839,655745.582,7.485
1345,1596540.809,655747.422,7.481
1346,1596519.767,655748.772,7.474
1347,1596499.143,655749.663,7.541
1348,1596478.442,655751.068,7.567
1349,1596457.408,655753.1,7.477
1350,1596436.257,655755.239,7.481
1351,1596416.395,655757.382,7.443
1352,1596395.985,655759.305,7.385
1353,1596375.197,655760.636,7.385
1354,1596352.529,655762.206,7.312
1355,1596331.944,655763.765,7.32
1356,1596311.606,655765.403,7.349
1357,1596291.331,655767.179,7.436
1358,1596270.869,655769.16,7.464
1359,1596250.796,655771.241,7.544
1360,1596230.864,655772.94,7.498
1361,1596209.641,655774.496,7.521
1362,1596188.34,655776.101,7.586
1363,1596167.76,655777.793,7.589
1364,1596147.754,655779.031,7.584
1365,1596126.496,655781.448,7.583
1366,1596106.485,655783.579,7.618
1367,1596084.647,655785.598,7.551
1368,1596064.65,655787.368,7.517
1369,1596044.479,655789.034,7.541
1370,1596023.21,655790.893,7.512
1371,1596002.335,655792.858,7.523
1372,1595981.212,655794.722,7.511
1373,1595960.908,655796.469,7.484
1374,1595940.44,655798.301,7.509
1375,1595920.202,655799.864,7.469
1376,1594029.236,655539.524,6.508
1377,1594038.875,655521.804,6.604
1378,1594051.723,655505.999,6.604
1379,1594064.971,655489.856,6.633
1380,1594078.052,655474.22,6.635
1381,1594091.841,655457.777,6.668
1382,1594105.451,655441.784,6.654
1383,1594118.983,655426.057,6.699
1384,1594131.441,655409.655,6.916
1385,1594144.275,655393.761,7.423
1386,1594157.01,655377.765,8.031
1387,1594170.074,655361.487,8.505
1388,1594182.826,655345.716,8.833
1389,1594196.776,655328.853,8.998
1390,1594210.054,655312.7,8.979
1391,1594223.047,655296.796,8.787
1392,1594236.17,655280.321,8.394
1393,1594249.132,655264.189,7.95
1394,1594261.669,655248.248,7.076
1395,1594275.09,655232.366,6.927
1396,1594288.934,655216.057,6.922
1397,1594302.263,655199.623,6.925
1398,1594316.138,655183.313,6.802
1399,1594329.823,655166.501,6.73
1400,1594343.291,655149.763,6.731
1401,1594356.653,655133.375,6.647
1402,1594369.876,655117.25,6.697
1403,1594383.319,655101.06,6.657
1404,1594396.811,655085.868,6.543
1405,1594259.433,655249.628,7.214
1406,1594259.433,655249.62,7.213
1407,1594273.047,655234.966,7.004
1408,1594286.762,655218.77,6.939
1409,1594299.463,655203.083,6.923
1410,1594313.275,655186.678,6.838
1411,1594326.218,655171.214,6.754
1412,1594339.625,655155.075,6.722
1413,1594353.239,655138.729,6.68
1414,1594366.417,655122.552,6.66
1415,1594379.723,655106.073,6.703
1416,1594393.119,655090.138,6.571
1417,1594403.865,655073.039,6.515
1418,1594401.375,655081.974,6.481
1419,1594388.64,655097.68,6.603
1420,1594376.216,655113.92,6.663
1421,1594363.177,655130.036,6.603
1422,1594349.517,655146.679,6.633
1423,1594336.436,655162.417,6.681
1424,1594322.9,655178.661,6.753
1425,1594309.019,655195.323,6.857
1426,1594295.124,655212.362,6.893
1427,1594281.196,655229.647,6.888
1428,1594267.577,655246.601,7.059
1429,1594254.714,655262.415,7.822
1430,1594241.155,655279.311,8.299
1431,1594227.579,655296.213,8.65
1432,1594213.954,655312.922,8.915
1433,1594200.508,655329.179,8.918
1434,1594187.438,655344.992,8.795
1435,1594174.367,655361.014,8.46
1436,1594161.516,655376.896,8.013
1437,1594148.918,655392.567,7.386
1438,1594136.246,655408.27,6.835
1439,1594123.289,655424.016,6.668
1440,1594110.196,655439.545,6.571
1441,1594097.054,655455.267,6.572
1442,1594084.298,655470.83,6.582
1443,1594071.728,655486.849,6.517
1444,1594059.3,655502.902,6.538
1445,1594046.222,655518.711,6.56
1446,1594033.283,655534.822,6.455
1447,1594021.129,655551.369,6.545
1448,1594008.336,655566.91,6.453
1449,1593994.487,655582.524,6.468
1450,1593981.392,655598.723,6.358
1451,1593968.767,655614.287,6.28
1452,1593955.372,655629.909,6.181
1453,1593941.776,655646.335,6.082
1454,1593928.915,655661.928,5.949
1455,1593915.773,655677.822,5.919
1456,1593902.433,655694.035,5.797
1457,1593888.915,655710.368,5.697
1458,1593875.587,655726.673,5.625
1459,1593862.34,655742.808,5.497
1460,1593849.101,655758.876,5.423
1461,1593835.854,655774.899,5.323
1462,1593822.863,655790.832,5.279
1463,1593809.982,655806.489,5.195
1464,1593796.367,655823.19,5.146
1465,1593783.006,655839.703,5.134
1466,1593769.724,655856.076,5.117
1467,1593756.776,655871.987,5.17
1468,1593744.102,655887.544,5.311
1469,1593731.481,655903.433,5.369
1470,1593718.677,655919.607,5.453
1471,1593705.587,655935.724,5.483
1472,1593692.452,655951.599,5.467
1473,1593679.696,655967.237,5.404
1474,1593666.262,655984.059,5.339
1475,1593653.045,656000.557,5.269
1476,1593640.047,656016.43,5.2
1477,1593627.087,656032.226,5.128
1478,1593614.202,656048.298,5.117
1479,1593600.632,656064.975,5.032
1480,1593587.722,656080.539,4.961
1481,1593574.37,656096.811,4.849
1482,1593561.553,656112.585,4.77
1483,1593548.719,656128.207,4.657
1484,1593535.295,656143.395,4.549
1485,1593522.569,656158.924,4.481
1486,1593509.896,656174.765,4.456
1487,1593496.73,656190.774,4.512
1488,1593483.801,656206.651,4.539
1489,1593470.578,656222.71,4.579
1490,1593457.783,656238.361,4.594
1491,1593444.382,656254.135,4.592
1492,1593429.17,656269.394,4.57
1493,1593415.785,656284.437,4.577
1494,1593403.489,656300.749,4.592
1495,1593391.464,656317,4.636
1496,1593379.063,656332.93,4.605
1497,1593366.507,656348.984,4.576
1498,1593353.849,656364.862,4.541
1499,1593341.192,656380.474,4.512
1500,1593328.987,656396.402,4.605
1501,1593316.656,656412.848,4.599
1502,1593302.796,656427.708,4.574
1503,1593289.584,656443.467,4.518
1504,1593276.987,656459.996,4.556
1505,1593264.143,656475.986,4.596
1506,1593251.837,656492.086,4.593
1507,1593239.116,656508.251,4.658
1508,1593250.334,656491.066,4.607
1509,1593263.17,656475.681,4.626
1510,1593275.834,656459.279,4.53
1511,1593289.33,656443.6,4.547
1512,1593303.137,656428.663,4.548
1513,1593316.527,656413.683,4.572
1514,1593329.056,656397.749,4.601
1515,1593341.238,656381.581,4.506
1516,1593353.897,656365.343,4.543
1517,1593367.127,656349.509,4.561
1518,1593380.523,656334.116,4.566
1519,1593393.984,656318.24,4.61
1520,1593406.811,656302.34,4.603
1521,1593419.799,656286.3,4.601
1522,1593432.634,656270.052,4.592
1523,1593444.8,656253.414,4.596
1524,1593457.114,656237.456,4.609
1525,1593470.199,656221.007,4.57
1526,1593483.311,656205.131,4.546
1527,1593496.529,656189.345,4.52
1528,1593509.162,656173.615,4.471
1529,1593521.443,656157.579,4.488
1530,1593534.471,656141.687,4.577
1531,1593547.423,656125.569,4.677
1532,1593560.502,656109.456,4.811
1533,1593574.253,656093.244,4.896
1534,1593588.885,656076.859,5.038
1535,1593602.781,656060.809,5.083
1536,1593615.47,656044.578,5.181
1537,1593628.728,656027.594,5.215
1538,1593642.125,656010.613,5.264
1539,1593655.351,655994.079,5.288
1540,1593668.715,655977.457,5.366
1541,1593682.686,655960.189,5.449
1542,1593696.799,655942.884,5.495
1543,1593710.953,655925.488,5.492
1544,1593723.512,655909.906,5.431
1545,1593736.032,655894.252,5.379
1546,1593750.02,655876.706,5.223
1547,1593763.961,655859.348,5.124
1548,1593777.819,655842.344,5.14
1549,1593792.017,655825.519,5.183
1550,1593805.108,655809.985,5.23
1551,1593818.525,655793.749,5.238
1552,1593832.224,655777.127,5.338
1553,1593847.741,655758.337,5.448
1554,1593861.516,655741.474,5.53
1555,1593875.005,655724.685,5.658
1556,1593888.467,655708.494,5.685
1557,1593902.048,655692.513,5.838
1558,1593915.349,655676.079,5.94
1559,1593928.481,655659.993,5.958
1560,1593941.216,655644.359,6.082
1561,1593954.723,655627.494,6.216
1562,1593967.307,655611.497,6.325
1563,1593980.136,655595.708,6.432
1564,1593993.052,655580.044,6.505
1565,1594006.931,655565.225,6.503
1566,1594022.117,655551.629,6.518
1567,1594042.403,655548.589,6.522
1568,1594062.069,655556.724,6.639
1569,1594081.489,655565.981,6.729
1570,1594100.825,655575.252,6.907
1571,1594119.285,655584.115,7.085
1572,1594137.374,655592.862,7.304
1573,1594156.834,655602.43,7.272
1574,1594177.318,655612.488,7.279
1575,1594195.895,655621.305,7.284
1576,1594214.836,655630.337,7.245
1577,1594234.025,655639.627,7.266
1578,1594253.48,655649.074,7.354
1579,1594273.03,655658.75,7.359
1580,1594292.717,655668.429,7.351
1581,1594312.537,655677.812,7.351
1582,1594332.258,655687.453,7.335
1583,1594351.956,655697.069,7.385
1584,1594371.576,655706.605,7.399
1585,1594391.019,655716.082,7.365
1586,1594410.256,655725.448,7.338
1587,1594429.351,655734.548,7.394
1588,1594448.16,655743.609,7.395
1589,1594466.752,655752.663,7.386
1590,1594485.184,655761.642,7.377
1591,1594503.434,655770.608,7.381
1592,1594521.618,655780.037,7.369
1593,1594540.153,655789.333,7.373
1594,1594558.855,655798.473,7.347
1595,1594577.793,655806.932,7.391
1596,1594596.973,655814.543,7.387
1597,1594616.512,655821.129,7.362
1598,1594636.459,655826.498,7.401
1599,1594656.952,655831.102,7.403
1600,1594677.986,655835.024,7.392
1601,1594699.505,655837.681,7.372
1602,1594721.403,655839.023,7.39
1603,1594743.461,655839.485,7.376
1604,1594765.463,655839.334,7.379
1605,1594787.324,655839.044,7.393
1606,1594808.999,655838.631,7.401
1607,1594830.485,655838.208,7.351
1608,1594851.81,655837.608,7.342
1609,1594873.228,655837.073,7.35
1610,1594894.932,655836.703,7.366
1611,1594916.756,655836.243,7.418
1612,1594938.498,655835.765,7.396
1613,1594959.976,655835.464,7.348
1614,1594981.054,655835.257,7.373
1615,1595001.814,655835.111,7.375
1616,1595022.278,655834.845,7.487
1617,1595042.811,655834.681,7.416
1618,1595063.461,655834.44,7.372
1619,1595084.375,655834.194,7.388
1620,1595105.393,655833.98,7.362
1621,1595317.27,655825.242,7.458
1622,1595337.945,655824.559,7.385
1623,1595358.538,655823.865,7.417
1624,1595379.111,655823.288,7.441
1625,1595399.691,655822.793,7.431
1626,1595421.976,655822.626,7.423
1627,1595442.499,655822.371,7.395
1628,1595463.309,655821.995,7.424
1629,1595484.063,655821.862,7.426
1630,1595504.663,655821.203,7.42
1631,1595525.464,655820.012,7.393
1632,1595545.899,655819.03,7.454
1633,1595566.649,655817.675,7.461
1634,1595586.619,655817.731,7.472
1635,1595607.232,655817.265,7.442
1636,1595633.881,655815.559,7.402
1637,1595654.832,655814.144,7.463
1638,1595675.099,655812.858,7.482
1639,1595699.496,655811.331,7.477
1640,1595719.584,655810.109,7.462
1641,1595739.937,655809.023,7.459
1642,1595760.659,655807.849,7.499
1643,1595781.739,655806.703,7.53
1644,1595803.282,655805.69,7.507
1645,1595825.148,655803.59,7.506
1646,1595847.385,655801.323,7.54
1647,1595869.993,655799.258,7.506
1648,1595890.03,655797.502,7.514
1649,1595910.378,655795.842,7.467
1650,1595931.025,655794.221,7.475
1651,1595951.766,655792.353,7.478
1652,1595972.451,655790.212,7.487
1653,1595992.94,655788.17,7.489
1654,1596013.252,655786.263,7.491
1655,1596033.212,655784.574,7.473
1656,1596055.392,655782.486,7.545
1657,1596077.159,655780.433,7.555
1658,1596098.638,655778.516,7.562
1659,1596119.776,655776.636,7.586
1660,1596141.011,655774.912,7.564
1661,1596162.503,655773.711,7.542
1662,1596184.268,655772.913,7.543
1663,1596205.825,655772.122,7.512
1664,1596227.146,655770.884,7.495
1665,1596248.084,655768.552,7.525
1666,1596268.533,655766.451,7.403
1667,1596288.414,655764.723,7.457
1668,1596310.398,655762.624,7.351
1669,1596332.71,655760.885,7.279
1670,1596353.138,655759.136,7.291
1671,1596374.085,655757.142,7.293
1672,1596395.512,655754.952,7.35
1673,1596417.102,655752.963,7.421
1674,1596438.484,655751.338,7.435
1675,1596459.564,655749.819,7.411
1676,1596480.318,655748.398,7.469
1677,1596500.791,655747.211,7.488
1678,1596521.118,655746.165,7.421
1679,1596541.149,655744.853,7.422
1680,1596563.036,655742.814,7.441
1681,1596583.899,655740.615,7.449
1682,1596603.986,655739.271,7.508
1683,1596624.229,655737.99,7.48
1684,1596645.324,655737.609,7.477
1685,1596666.846,655739.269,7.51
1686,1596688.354,655742.607,7.506
1687,1596709.601,655747.708,7.455
1688,1596730.463,655754.149,7.473
1689,1596750.746,655762.039,7.46
1690,1596770.865,655770.704,7.411
1691,1596791.299,655779.344,7.414
1692,1596809.809,655787.63,7.437
1693,1596828.568,655796.589,7.438
1694,1596847.409,655805.787,7.417
1695,1596866.345,655815.161,7.427
1696,1596885.341,655824.658,7.441
1697,1596904.666,655833.995,7.45
1698,1596923.953,655843.597,7.506
1699,1596943.094,655853.125,7.564
1700,1596962.185,655862.575,7.573
1701,1596981.328,655871.892,7.545
1702,1597000.571,655881.159,7.538
1703,1597019.8,655890.494,7.515
1704,1597038.867,655900.049,7.532
1705,1597057.904,655909.466,7.516
1706,1597076.801,655918.657,7.545
1707,1597095.707,655927.886,7.551
1708,1597114.855,655937.345,7.549
1709,1597134.364,655946.835,7.577
1710,1597154.168,655956.572,7.584
1711,1597174.022,655966.533,7.598
1712,1597193.826,655976.569,7.542
1713,1597213.524,655986.484,7.55
1714,1597233.114,655996.146,7.586
1715,1597252.296,656005.525,7.581
1716,1597271.339,656014.613,7.554
1717,1597290.298,656023.809,7.516
1718,1597309.108,656032.996,7.531
1719,1597327.595,656041.314,7.547
1720,1597347.575,656050.004,7.624
1721,1597365.462,656060.927,7.652
1722,1597381.034,656074.609,7.66
1723,1597394.549,656092.062,7.668
1724,1597404.418,656109.834,7.649
1725,1597412.082,656129.119,7.654
1726,1597415.146,656149.085,7.617
1727,1597414.717,656169.363,7.581
1728,1597413.427,656190.095,7.577
1729,1597411.871,656211.78,7.631
1730,1597410.527,656232.478,7.575
1731,1597409.954,656252.572,7.583
1732,1597409.682,656273.56,7.66
1733,1597409.087,656295.365,7.682
1734,1597408.171,656315.579,7.649
1735,1597406.906,656337.231,7.645
1736,1597405.696,656358.474,7.655
1737,1597404.284,656380.07,7.596
1738,1597402.723,656401.576,7.61
1739,1597401.498,656422.047,7.66
1740,1597400.28,656443.914,7.71
1741,1597398.822,656464.096,7.719
1742,1597397.383,656485.173,7.731
1743,1597396.22,656506.461,7.684
1744,1597395.697,656527.893,7.698
1745,1597395.3,656549.39,7.724
1746,1597394.422,656573.388,7.71
1747,1597393.187,656595.137,7.712
1748,1597391.47,656616.998,7.762
1749,1597389.319,656639.002,7.722
1750,1597386.75,656661.093,7.738
1751,1597383.86,656682.937,7.726
1752,1597380.66,656704.638,7.698
1753,1597377.202,656726.176,7.656
1754,1597373.856,656747.655,7.658
1755,1597370.265,656769.239,7.723
1756,1597367.265,656789.24,7.733
1757,1597364.3,656810.604,7.7
1758,1597361.117,656833.016,7.739
1759,1597358.238,656853.208,7.721
1760,1597355.341,656873.769,7.697
1761,1597352.329,656894.595,7.75
1762,1597349.218,656915.615,7.729
1763,1597345.926,656936.619,7.74
1764,1597342.47,656957.53,7.777
1765,1597339.639,656978.409,7.759
1766,1597336.943,656999.272,7.752
1767,1597334.118,657019.907,7.75
1768,1597331.177,657040.315,7.775
1769,1597328.17,657060.572,7.754
1770,1597325.134,657080.692,7.738
1771,1597322.175,657100.612,7.759
1772,1597318.667,657123.099,7.772
1773,1597314.364,657145.227,7.774
1774,1597309.202,657167.148,7.738
1775,1597304.271,657189.069,7.733
1776,1597299.344,657210.759,7.695
1777,1597294.265,657232.142,7.709
1778,1597288.74,657253.284,7.749
1779,1597282.468,657274.616,7.729
1780,1597275.87,657296.317,7.749
1781,1597269.928,657315.526,7.702
1782,1597263.723,657334.869,7.72
1783,1597257.607,657354.068,7.742
1784,1597251.594,657373.199,7.757
1785,1597244.894,657394.71,7.768
1786,1597238.464,657414.862,7.762
1787,1597231.645,657436.168,7.763
1788,1597224.878,657456.239,7.749
1789,1597216.243,657476.278,7.746
1790,1597203.091,657493.738,7.659
1791,1597184.978,657505.369,7.667
1792,1597164.514,657508.862,7.755
1793,1597143.835,657507.063,7.725
1794,1597122.696,657504.234,7.683
1795,1597101.42,657502.703,7.666
1796,1597079.579,657503.25,7.642
1797,1597057.372,657504.902,7.67
1798,1597037.667,657508.379,7.721
1799,1597017.784,657513.472,7.722
1800,1596994.993,657520.463,7.727
1801,1596974.561,657528.03,7.792
1802,1596953.963,657535.968,7.773
1803,1596933.107,657543.922,7.736
1804,1596911.873,657551.936,7.752
1805,1596893.034,657559.1,7.743
1806,1596873.929,657566.415,7.726
1807,1596854.67,657573.75,7.699
1808,1596835.835,657580.863,7.675
1809,1596814.892,657588.646,7.666
1810,1596793.879,657596.319,7.697
1811,1596775.103,657603.259,7.666
1812,1596756.133,657610.362,7.688
1813,1596737.118,657617.529,7.745
1814,1596718,657624.801,7.728
1815,1596698.787,657632.295,7.742
1816,1596679.422,657639.807,7.735
1817,1596659.8,657647.367,7.704
1818,1596639.905,657654.995,7.687
1819,1596619.79,657662.694,7.659
1820,1596599.886,657670.346,7.678
1821,1596579.66,657678.134,7.7
1822,1596559.128,657686.079,7.684
1823,1596538.487,657694.13,7.673
1824,1596517.298,657701.848,7.641
1825,1596492.589,657710.867,7.637
1826,1596473.86,657717.801,7.677
1827,1596454.978,657724.751,7.652
1828,1596435.97,657731.581,7.662
1829,1596416.699,657737.966,7.702
1830,1596397.335,657743.817,7.666
1831,1596378.024,657749.089,7.653
1832,1596355.596,657754.562,7.667
1833,1596333.366,657759.522,7.664
1834,1596311.421,657764.23,7.624
1835,1596289.781,657768.57,7.597
1836,1596268.045,657772.782,7.608
1837,1596246.484,657777.072,7.645
1838,1596225.153,657781.25,7.668
1839,1596204.035,657785.297,7.645
1840,1596183.076,657789.211,7.632
1841,1596162.271,657792.955,7.66
1842,1596141.666,657796.884,7.662
1843,1596120.96,657800.991,7.639
1844,1596100.308,657805.125,7.658
1845,1596079.716,657809.181,7.691
1846,1596059.007,657813.048,7.696
1847,1596038.264,657816.869,7.688
1848,1596017.567,657820.696,7.67
1849,1595997.06,657824.608,7.711
1850,1595976.883,657828.574,7.695
1851,1595957.032,657832.326,7.691
1852,1595935.352,657836.572,7.684
1853,1595914.883,657840.859,7.671
1854,1595893.172,657845.014,7.682
1855,1595872.553,657848.899,7.683
1856,1595851.602,657854.136,7.65
1857,1595830.112,657860.652,7.697
1858,1595810.984,657867.389,7.695
1859,1595792.02,657874.823,7.678
1860,1595773.155,657882.87,7.616
1861,1595754.111,657891.397,7.597
1862,1595734.975,657900.483,7.66
1863,1595716.164,657910.258,7.667
1864,1595697.787,657920.648,7.692
1865,1595679.77,657931.437,7.693
1866,1595661.808,657942.38,7.67
1867,1595643.763,657953.297,7.692
1868,1595625.522,657964.599,7.645
1869,1595606.87,657976.372,7.615
1870,1595587.912,657988.178,7.654
1871,1595568.836,658000.111,7.648
1872,1595549.781,658012.14,7.597
1873,1595530.746,658023.962,7.591
1874,1595512.108,658035.417,7.625
1875,1595493.074,658047.244,7.608
1876,1595474.351,658058.516,7.587
1877,1595455.867,658069.489,7.528
1878,1595438.297,658080.686,7.538
1879,1595421.593,658091.761,7.512
1880,1595404.519,658102.768,7.565
1881,1595386.771,658113.898,7.564
1882,1595368.774,658125.214,7.554
1883,1595348.574,658137.874,7.591
1884,1595330.147,658149.484,7.596
1885,1595311.649,658161.415,7.619
1886,1595294,658174.698,7.584
1887,1595278.078,658189.708,7.514
1888,1595263.33,658205.375,7.497
1889,1595249.231,658221.053,7.533
1890,1595236.211,658237.661,7.498
1891,1595225.148,658255.783,7.505
1892,1595217.32,658275.242,7.568
1893,1595212.703,658294.969,7.51
1894,1595209.238,658316.491,7.478
1895,1595207.675,658336.742,7.421
1896,1595207.455,658358.727,7.444
1897,1595208.987,658379.435,7.458
1898,1595212.163,658400.875,7.461
1899,1595216.38,658423.048,7.467
1900,1595220.144,658442.873,7.423
1901,1595223.863,658462.878,7.399
1902,1595227.404,658482.958,7.433
1903,1595230.706,658502.812,7.501
1904,1595234.307,658524.931,7.523
1905,1595237.697,658546.269,7.505
1906,1595241.062,658566.857,7.509
1907,1595244.466,658587.089,7.485
1908,1595247.876,658607.381,7.49
1909,1595251.281,658627.672,7.482
1910,1595254.886,658647.868,7.473
1911,1595258.766,658667.826,7.485
1912,1595262.986,658689.871,7.484
1913,1595266.96,658711.276,7.466
1914,1595271.039,658731.369,7.427
1915,1595275.667,658752.194,7.43
1916,1595279.77,658773.71,7.408
1917,1595282.918,658794.658,7.448
1918,1595285.387,658814.77,7.477
1919,1595289.458,658836.36,7.472
1920,1595293.546,658856.887,7.511
1921,1595297.205,658878.282,7.56
1922,1595300.984,658900.251,7.534
1923,1595304.559,658920.149,7.534
1924,1595329.102,659056.697,7.51
1925,1595332.734,659077.266,7.49
1926,1595336.534,659099.137,7.505
1927,1595339.771,659120.285,7.485
1928,1595342.21,659142.397,7.497
1929,1595343.604,659162.7,7.439
1930,1595342.156,659183.475,7.488
1931,1595336.892,659203.778,7.514
1932,1595327.895,659222.786,7.475
1933,1595315.593,659239.895,7.437
1934,1595300.403,659254.748,7.459
1935,1595282.989,659267.147,7.512
1936,1595264.223,659277.547,7.506
1937,1595244.722,659286.233,7.571
1938,1595224.442,659292.661,7.571
1939,1595203.517,659296.924,7.502
1940,1595182.174,659299.397,7.455
1941,1595160.882,659299.96,7.5
1942,1595139.835,659298.41,7.501
1943,1595118.975,659294.896,7.541
1944,1595098.085,659290.077,7.524
1945,1595077.112,659284.765,7.52
1946,1595055.859,659279.159,7.51
1947,1595034.653,659273.62,7.491
1948,1595013.6,659267.979,7.502
1949,1594992.945,659262.335,7.48
1950,1594973.348,659257.137,7.499
1951,1594950.367,659250.829,7.465
1952,1594929.617,659245.102,7.474
1953,1594908.567,659238.704,7.526
1954,1594887.32,659231.911,7.525
1955,1594868.498,659224.584,7.507
1956,1594850.09,659215.713,7.527
1957,1594832.371,659205.534,7.523
1958,1594815.532,659194.271,7.466
1959,1594799.564,659182.138,7.474
1960,1594782.744,659167.804,7.45
1961,1594767.803,659153.939,7.522
1962,1594752.767,659138.58,7.474
1963,1594738.257,659122.744,7.419
1964,1594724.917,659107.299,7.392
1965,1594710.138,659091.375,7.383
1966,1594695.79,659076.475,7.388
1967,1594680.88,659061.638,7.43
1968,1594666.371,659046.25,7.478
1969,1594651.694,659030.41,7.511
1970,1594636.117,659015.605,7.531
1971,1594620.533,659001.606,7.539
1972,1594605.026,658987.931,7.499
1973,1594588.313,658974.323,7.446
1974,1594570.327,658962.195,7.42
1975,1594552.913,658950.787,7.385
1976,1594535.178,658938.173,7.394
1977,1594518.702,658925.734,7.386
1978,1594501.475,658912.902,7.313
1979,1594483.553,658899.916,7.329
1980,1594467.171,658888.072,7.292
1981,1594449.097,658875.22,7.313
1982,1594431.41,658862.677,7.325
1983,1594413.545,658849.755,7.301
1984,1594396.877,658838.03,7.223
1985,1594379.791,658826.412,7.265
1986,1594362.266,658814.744,7.288
1987,1594344.335,658803.177,7.311
1988,1594326.072,658791.25,7.315
1989,1594307.674,658778.792,7.343
1990,1594291.004,658767.53,7.369
1991,1594274.397,658756.261,7.402
1992,1594257.006,658744.416,7.372
1993,1594239.197,658732.063,7.341
1994,1594221.276,658719.633,7.296
1995,1594203.279,658707.074,7.356
1996,1594182.782,658692.797,7.368
1997,1594164.369,658679.978,7.317
1998,1594145.828,658666.977,7.37
1999,1594127.149,658653.932,7.347
2000,1594110.672,658642.613,7.352
2001,1594094.174,658631.337,7.339
2002,1594075.33,658618.537,7.301
2003,1594056.736,658605.823,7.355
2004,1594038.635,658592.963,7.314
2005,1594020.915,658580.211,7.373
2006,1594003.373,658567.647,7.361
2007,1593985.797,658555.249,7.38
2008,1593968.344,658542.872,7.401
2009,1593951.19,658530.454,7.355
2010,1593934.148,658518.188,7.35
2011,1593917.141,658506.113,7.338
2012,1593900.175,658494.132,7.258
2013,1593883.288,658481.979,7.27
2014,1593866.239,658469.955,7.282
2015,1593848.9,658458.154,7.28
2016,1593831.474,658446.335,7.278
2017,1593814.288,658434.549,7.308
2018,1593797.65,658423.003,7.303
2019,1593779.944,658410.762,7.263
2020,1593761.989,658398.378,7.265
2021,1593744.746,658387.021,7.298
2022,1593727.108,658376.98,7.317
2023,1593708.063,658368.021,7.331
2024,1593689.228,658360.959,7.316
2025,1593670.059,658355.042,7.322
2026,1593650.081,658349.311,7.259
2027,1593629.743,658343.821,7.253
2028,1593609.802,658338.078,7.258
2029,1593590.361,658332.496,7.25
2030,1593570.931,658327.357,7.232
2031,1593550.33,658322.579,7.286
2032,1593529.323,658317.865,7.315
2033,1593508.317,658312.177,7.283
2034,1593488.223,658306.795,7.256
2035,1593468.249,658301.475,7.267
2036,1593447.159,658295.89,7.275
2037,1593427.108,658290.528,7.249
2038,1593406.994,658285.49,7.288
2039,1593385.817,658280.27,7.262
2040,1593365.167,658275.939,7.303
2041,1593344.109,658273.08,7.333
2042,1593322.854,658271.268,7.288
2043,1593301.377,658270.164,7.26
2044,1593280.448,658270.021,7.212
2045,1593259.398,658270.772,7.249
2046,1593239.149,658271.991,7.227
2047,1593218.088,658273.518,7.208
2048,1593197.766,658275.606,7.225
2049,1593177.79,658277.314,7.228
2050,1593157.705,658278.687,7.238
2051,1593137.281,658279.834,7.236
2052,1593117.188,658279.91,7.193
2053,1593096.667,658280.182,7.186
2054,1593076.234,658281.703,7.165
2055,1593055.154,658282.384,7.128
2056,1593034.213,658283.547,7.121
2057,1593013.89,658285.289,7.146
2058,1592993.075,658288.369,7.146
2059,1592973.355,658291.379,7.187
2060,1592953.352,658294.134,7.182
2061,1592931.836,658298.375,7.189
2062,1592911.013,658303.792,7.185
2063,1592891.739,658309.308,7.193
2064,1592871.725,658316.249,7.213
2065,1592851.345,658325.362,7.215
2066,1592833.477,658334.483,7.225
2067,1592815.268,658344.515,7.235
2068,1592797.495,658354.957,7.262
2069,1592780.032,658365.44,7.211
2070,1592762.109,658377.023,7.191
2071,1592745.159,658388.957,7.202
2072,1592728.43,658400.272,7.236
2073,1592711.462,658411.439,7.227
2074,1592694.444,658424.075,7.198
2075,1592678.515,658436.661,7.242
2076,1592661.137,658448.391,7.232
2077,1592643.55,658458.983,7.199
2078,1592625.892,658470.262,7.194
2079,1592608.776,658482.676,7.194
2080,1592591.741,658494.896,7.191
2081,1592573.998,658507.015,7.164
2082,1592555.003,658519.297,7.165
2083,1592535.805,658531.588,7.154
2084,1592517.805,658543.438,7.148
2085,1592499.088,658556.217,7.155
2086,1592480.016,658569.563,7.15
2087,1592461.173,658582.862,7.128
2088,1592442.4,658596.038,7.137
2089,1592424.149,658608.704,7.089
2090,1592406.579,658620.926,7.152
2091,1592389.905,658632.859,7.129
2092,1592372.432,658646.432,7.169
2093,1592355.951,658659.098,7.179
2094,1592338.249,658672.033,7.205
2095,1592321.565,658683.885,7.154
2096,1592303.584,658696.299,7.156
2097,1592286.122,658707.979,7.174
2098,1592268.789,658718.427,7.156
2099,1592250.088,658729.284,7.13
2100,1592232.675,658740.679,7.086
2101,1592214.789,658753.129,7.135
2102,1592198.681,658765.055,7.153
2103,1592181.576,658778.006,7.15
2104,1592164.435,658790.979,7.161
2105,1592147.005,658803.491,7.169
2106,1592129.512,658815.268,7.174
2107,1592112.683,658826.563,7.174
2108,1592095.384,658838.487,7.135
2109,1592078.042,658850.407,7.117
2110,1592061.031,658861.691,7.135
2111,1592043.435,658871.353,7.074
2112,1592025.366,658882.429,7.022
2113,1592007.946,658894.313,7.037
2114,1591991.389,658905.761,7.061
2115,1591973.595,658917.978,7.069
2116,1591957.222,658929.437,7.061
2117,1591941.231,658941.541,7.043
2118,1591924.698,658954.169,7.093
2119,1591907.576,658966.614,7.134
2120,1591890.044,658979.044,7.11
2121,1591872.204,658991.567,7.102
2122,1591854.205,659004.248,7.128
2123,1591834.23,659018.086,7.142
2124,1591816.472,659030.202,7.078
2125,1591798.629,659042.39,7.11
2126,1591780.205,659055.161,7.094
2127,1591763.294,659066.774,7.123
2128,1591746.155,659078.068,7.114
2129,1591728.942,659088.89,7.1
2130,1591711.389,659099.69,7.115
2131,1591693.966,659110.991,7.145
2132,1591676.582,659122.867,7.11
2133,1591659.161,659134.789,7.11
2134,1591641.762,659146.768,7.104
2135,1591624.495,659158.606,7.062
2136,1591607.55,659170.116,7.059
2137,1591589.16,659182.564,7.026
2138,1591571.365,659194.558,6.994
2139,1591554.441,659206.138,6.994
2140,1591536.6,659218.376,6.976
2141,1591519.433,659230.288,6.969
2142,1591502.501,659242.482,7.01
2143,1591486.058,659254.682,7.002
2144,1591469.899,659268.108,7.017
2145,1591453.328,659281.26,7.048
2146,1591436.606,659292.226,7.044
2147,1591419.319,659303.982,7.069
2148,1591402.327,659316.202,7.119
2149,1591385.536,659328.749,7.119
2150,1591368.957,659341.561,7.106
2151,1591353.286,659354.413,7.104
2152,1591337.427,659368.289,7.1
2153,1591320.987,659382.695,7.126
2154,1591305.443,659396.135,7.106
2155,1591290.905,659409.984,7.101
2156,1591275.638,659425.389,7.059
2157,1591261.712,659439.847,7.017
2158,1591247.231,659454.96,6.979
2159,1591232.271,659470.38,6.96
2160,1591217.189,659485.865,6.971
2161,1591202.204,659501.491,7.008
2162,1591187.328,659517.166,7.013
2163,1591172.516,659532.639,6.991
2164,1591157.796,659547.916,6.996
2165,1591143.152,659562.994,6.984
2166,1591128.52,659577.881,7.01
2167,1591113.931,659592.632,7.019
2168,1591099.453,659607.32,7.019
2169,1591085.241,659622.086,7.052
2170,1591071.149,659636.794,7.05
2171,1591056.735,659651.01,7.046
2172,1591041.672,659664.58,7.04
2173,1591025.716,659677.525,7.052
2174,1591008.305,659688.882,7.023
2175,1590990.686,659700.317,7.017
2176,1590973.329,659712.933,6.985
2177,1590955.649,659725.594,6.977
2178,1590937.929,659738.142,6.978
2179,1590920.264,659750.496,6.989
2180,1590902.655,659762.751,6.998
2181,1590885.088,659775.288,6.962
2182,1590864.745,659789.678,6.99
2183,1590846.59,659802.2,6.992
2184,1590828.188,659814.662,7.009
2185,1590809.671,659827.077,7.012
2186,1590791.168,659839.378,7.056
2187,1590772.762,659851.63,7.047
2188,1590754.553,659863.984,6.996
2189,1590736.494,659876.334,6.973
2190,1590718.624,659888.577,6.973
2191,1590701.243,659900.852,6.968
2192,1590684.336,659912.638,6.977
2193,1590664.812,659925.9,6.973
2194,1590647.631,659937.544,6.997
2195,1590630.528,659949.331,6.976
2196,1590613.6,659961.22,6.94
2197,1590596.745,659973.153,6.915
2198,1590580.02,659985.071,6.936
2199,1590563.422,659996.591,6.932
2200,1590544.786,660009.26,6.907
2201,1590526.218,660021.334,6.949
2202,1590506.791,660031.984,6.958
2203,1590487.376,660040.328,6.94
2204,1590466.705,660046.611,6.934
2205,1590446.461,660050.082,6.91
2206,1590425.264,660051.474,6.892
2207,1590405.216,660050.923,6.864
2208,1590384.609,660047.466,6.892
2209,1590363.884,660041.407,6.894
2210,1590343.008,660033.855,6.909
2211,1590322.04,660025.645,6.902
2212,1590300.763,660017.49,6.921
2213,1590282.062,660010.481,6.906
2214,1590260.628,660002.754,6.915
2215,1590239.261,659995.089,6.944
2216,1590218.023,659987.23,6.942
2217,1590196.824,659979.206,6.911
2218,1590175.948,659971.211,6.918
2219,1590155.801,659963.424,6.865
2220,1590135.645,659955.876,6.925
2221,1590115.582,659948.363,6.901
2222,1590096.201,659941.081,6.897
2223,1590075.381,659933.412,6.895
2224,1590055.005,659925.575,6.89
2225,1590034.665,659917.733,6.899
2226,1590014.582,659909.838,6.873
2227,1589995.205,659902.001,6.878
2228,1589976.144,659893.607,6.861
2229,1589955.926,659884.834,6.858
2230,1589936.57,659877.874,6.841
2231,1589916.417,659871.659,6.903
2232,1589896.228,659865.182,6.908
2233,1589876.803,659858.282,6.921
2234,1589856.232,659850.41,6.903
2235,1589837.101,659842.655,6.907
2236,1589818.273,659834.401,6.901
2237,1589799.405,659826.509,6.834
2238,1589779.957,659817.448,6.794
2239,1589760.382,659807.932,6.806
2240,1589742.312,659798.466,6.84
2241,1589724.16,659788.434,6.882
2242,1589706.851,659777.994,6.854
2243,1589689.274,659765.662,6.819
2244,1589673.665,659753.09,6.856
2245,1589657.921,659740.681,6.828
2246,1589641.266,659728.154,6.804
2247,1589624.628,659715.802,6.795
2248,1589607.124,659702.886,6.777
2249,1589590.595,659690.552,6.8
2250,1589573.885,659677.925,6.75
2251,1589556.506,659665.013,6.762
2252,1589540.104,659652.917,6.812
2253,1589523.612,659640.547,6.839
2254,1589507.37,659628.344,6.825
2255,1589489.572,659614.97,6.833
2256,1589472.186,659601.608,6.848
2257,1589454.644,659588.012,6.813
2258,1589436.536,659574.697,6.752
2259,1589417.914,659562.166,6.76
2260,1589398.604,659551.074,6.774
2261,1589378.231,659542.474,6.75
2262,1589357.33,659536.481,6.738
2263,1589336.089,659533.46,6.728
2264,1589311.834,659533.687,6.765
2265,1589289.714,659536.232,6.744
2266,1589269.932,659540.159,6.764
2267,1589249.844,659544.694,6.786
2268,1589229.543,659549.232,6.768
2269,1589209.304,659553.733,6.739
2270,1589189.217,659558.264,6.721
2271,1589169.043,659562.81,6.731
2272,1589148.827,659567.332,6.729
2273,1589128.57,659571.993,6.708
2274,1589107.912,659576.633,6.694
2275,1589086.194,659581.248,6.691
2276,1589066.574,659585.323,6.689
2277,1589044.53,659590.049,6.72
2278,1589023.173,659594.833,6.709
2279,1589002.614,659599.397,6.692
2280,1588982.78,659603.567,6.596
2281,1588961.24,659608.399,6.536
2282,1588940.757,659613.225,6.447
2283,1588920.911,659618.123,6.265
2284,1588900.769,659623.928,6.107
2285,1588881.663,659630.197,6.009
2286,1588862.617,659636.148,5.752
2287,1588843.701,659643.914,5.718
2288,1588827.851,659656.558,5.913
2289,1588812.977,659671.716,6
2290,1588798.643,659686.002,6.053
2291,1588783.067,659701.472,6.094
2292,1588768.37,659716.192,6.114
2293,1588753.376,659731.525,6.107
2294,1588738.181,659747.169,6.098
2295,1588704.801,659782.003,6.164
2296,1588690.135,659797.188,6.168
2297,1588654.861,659827.546,6.119
2298,1588670.25,659811.795,6.122
2299,1588685.949,659795.897,6.167
2300,1588700.148,659781.53,6.156
2301,1588716.527,659764.856,6.188
2302,1588731.358,659749.839,6.173
2303,1588746.147,659734.936,6.202
2304,1588760.642,659720.38,6.219
2305,1588776.1,659704.807,6.256
2306,1588790.7,659690.065,6.27
2307,1588805.042,659675.526,6.177
2308,1588819.76,659661.428,6.109
2309,1588835.891,659647.994,5.954
2310,1588851.453,659635.162,5.81
2311,1588864.995,659619.408,5.685
2312,1588877.535,659602.26,5.676
2313,1588891.191,659587.304,5.536
2314,1588905.371,659572.767,5.433
2315,1588920.687,659557.449,5.362
2316,1588934.987,659543.177,5.325
2317,1588948.74,659528.28,5.287
2318,1588963.914,659512.651,5.278
2319,1588979.266,659497.717,5.197
2320,1588994.328,659482.973,5.195
2321,1589009.043,659468.172,5.156
2322,1589023.701,659453.261,5.219
2323,1589038.364,659438.039,5.249
2324,1589052.374,659423.425,5.246
2325,1589066.499,659408.787,5.286
2326,1588890.971,659585.476,5.461
2327,1588905.458,659571.377,5.326
2328,1588920.377,659557.158,5.269
2329,1588935.066,659542.287,5.217
2330,1588949.338,659527.431,5.186
2331,1588963.992,659513.135,5.184
2332,1588978.636,659498.3,5.134
2333,1588993.849,659483.567,5.125
2334,1589008.656,659468.205,5.087
2335,1589023.276,659453.444,5.167
2336,1589037.576,659438.718,5.179
2337,1589052.151,659424.202,5.119
2338,1589066.822,659409.364,5.112
2339,1589102.901,659371.776,5.178
2340,1589117.884,659356.905,5.179
2341,1589132.381,659341.877,5.208
2342,1589146.949,659326.479,5.167
2343,1589161.187,659312.376,5.127
2344,1589175.99,659297.52,5.104
2345,1589190.734,659283.051,5.18
2346,1589204.984,659268.531,5.177
2347,1589218.836,659253.976,5.202
2348,1589233.373,659240.124,5.211
2349,1589249.123,659225.676,5.145
2350,1589265.253,659211.721,5.089
2351,1589280.835,659198.912,5.061
2352,1589297.139,659185.503,5.043
2353,1589313.595,659172.922,5.001
2354,1589330.444,659161.022,4.971
2355,1589348.29,659150.276,4.878
2356,1589365.671,659140.32,4.822
2357,1589382.838,659129.802,4.807
2358,1589401.308,659118.735,4.792
2359,1589419.283,659108.874,4.814
2360,1589439.613,659098.205,4.737
2361,1589458.594,659088.467,4.752
2362,1589477.339,659079.279,4.711
2363,1589496.068,659070.236,4.731
2364,1589515.387,659061.123,4.793
2365,1589534.553,659052.133,4.805
2366,1589553.209,659043.524,4.795
2367,1589572.331,659034.484,4.791
2368,1589591.708,659025.373,4.799
2369,1589611.209,659016.633,4.804
2370,1589657.656,658996.459,4.846
2371,1589676.182,658988.59,4.851
2372,1589694.641,658980.509,4.886
2373,1589712.988,658972.441,4.874
2374,1589732.399,658963.948,4.851
2375,1589750.812,658955.906,4.832
2376,1589769.388,658947.861,4.847
2377,1589788.016,658939.896,4.838
2378,1589806.607,658932.047,4.865
2379,1589825.107,658924.355,4.837
2380,1589844.792,658916.232,4.865
2381,1589863.705,658908.113,4.897
2382,1589882.105,658900.125,4.943
2383,1589900.518,658892.202,4.906
2384,1589919.214,658884.531,4.847
2385,1589937.939,658876.658,4.809
2386,1589956.88,658868.365,4.895
2387,1589976.54,658859.983,4.949
2388,1589996.354,658851.484,4.905
2389,1590014.693,658843.495,4.907
2390,1590033.037,658835.316,4.92
2391,1590051.557,658827.27,4.904
2392,1590070.127,658819.404,4.868
2393,1590089.863,658810.98,4.84
2394,1590108.762,658802.655,4.838
2395,1590127.167,658794.629,4.791
2396,1590146.601,658786.506,4.831
2397,1590165.78,658778.392,4.787
2398,1590184.928,658769.811,4.692
2399,1590203.294,658761.903,4.804
2400,1590222.299,658753.914,4.779
2401,1590308.891,658715.337,4.845
2402,1590327.979,658707.013,4.839
2403,1590346.843,658698.978,4.863
2404,1590365.583,658691.158,4.902
2405,1590384.111,658683.305,4.887
2406,1590403.35,658675.083,4.896
2407,1590421.879,658667.264,4.876
2408,1590440.791,658659.287,4.911
2409,1590459.374,658651.42,4.881
2410,1590478.952,658642.948,4.882
2411,1590498.318,658634.471,4.9
2412,1590517.622,658626.158,4.895
2413,1590536.758,658617.932,4.898
2414,1590555.37,658609.956,4.908
2415,1590574.751,658601.725,4.888
2416,1590594.119,658593.92,4.879
2417,1590613.427,658586.354,4.876
2418,1590632.561,658578.237,4.792
2419,1590651.637,658569.664,4.837
2420,1590671.29,658560.871,4.844
2421,1590690.482,658552.459,4.864
2422,1590708.781,658544.411,4.849
2423,1590727.226,658536.57,4.851
2424,1590745.668,658528.786,4.854
2425,1590764.786,658520.321,4.836
2426,1590783.519,658512.204,4.86
2427,1590803.625,658503.624,4.842
2428,1590822.414,658495.664,4.869
2429,1590841.045,658487.712,4.862
2430,1590859.903,658479.54,4.868
2431,1590879.232,658471.221,4.848
2432,1590897.662,658463.292,4.84
2433,1590916.144,658455.349,4.872
2434,1590934.579,658447.454,4.893
2435,1590954.02,658439.202,4.898
2436,1590972.814,658431.267,4.915
2437,1590992.339,658423.009,4.91
2438,1591011.484,658414.887,4.918
2439,1591030.28,658407.036,4.903
2440,1591048.642,658399.088,4.838
2441,1591067.779,658390.905,4.868
2442,1591086.405,658383.071,4.845
2443,1591105.02,658375.341,4.828
2444,1591124.103,658367.356,4.826
2445,1591142.659,658359.506,4.76
2446,1591161.318,658352.405,4.617
2447,1591180.089,658345.061,4.555
2448,1591198.757,658336.556,4.528
2449,1591217.202,658328.649,4.508
2450,1591235.592,658320.769,4.522
2451,1591253.797,658312.294,4.624
2452,1591272.308,658303.871,4.679
2453,1591290.446,658295.394,4.703
2454,1591309.201,658287.274,4.624
2455,1591327.775,658279.197,4.577
2456,1591346.156,658271.022,4.659
2457,1591364.911,658263.64,4.699
2458,1591383.782,658255.565,4.674
2459,1591402.137,658247.368,4.675
2460,1591420.537,658239.317,4.704
2461,1591439.147,658231.408,4.704
2462,1591457.542,658223.385,4.67
2463,1591476.46,658215.207,4.728
2464,1591494.895,658207.103,4.788
2465,1591513.373,658199.089,4.744
2466,1591532.581,658190.945,4.755
2467,1591551.534,658182.783,4.793
2468,1591570.568,658174.599,4.776
2469,1591589.428,658166.628,4.751
2470,1591608.128,658158.489,4.768
2471,1591627.23,658149.909,4.815
2472,1591646.811,658141.717,4.778
2473,1591673.161,658130.862,4.807
2474,1591722.517,658109.816,5.025
2475,1591741.494,658101.472,4.956
2476,1591760.998,658093.069,5.014
2477,1591780.376,658085.499,4.982
2478,1591799.361,658077.09,5.02
2479,1591818.153,658068.704,5.028
2480,1591836.944,658060.564,5.031
2481,1591855.801,658052.055,5.068
2482,1591874.676,658043.781,5.091
2483,1591893.535,658035.89,5.045
2484,1591912.186,658027.809,5.043
2485,1591930.58,658018.969,5.026
2486,1591949.297,658009.211,5.003
2487,1591966.778,657999.502,5.043
2488,1591984.43,657989.592,5.014
2489,1592002.621,657978.777,5.047
2490,1592019.576,657967.275,5.007
2491,1592036.699,657954.706,5.031
2492,1592053.068,657941.605,4.995
2493,1592068.034,657927.176,4.925
2494,1592083.452,657912.409,4.974
2495,1592098.559,657897.889,4.995
2496,1592113.885,657883.742,5.077
2497,1592127.437,657867.962,5.063
2498,1592140.193,657852.342,4.896
2499,1592153.357,657836.632,4.809
2500,1592166.407,657820.805,4.62
2501,1592179.506,657804.866,4.55
2502,1592192.448,657789.06,4.432
2503,1592205.418,657773.002,4.465
2504,1592218.163,657757.33,4.435
2505,1592231.538,657741.492,4.386
2506,1592243.981,657725.202,4.343
2507,1592256.842,657709.364,4.355
2508,1592244.155,657725.08,4.325
2509,1592231.644,657741.009,4.37
2510,1592218.63,657756.608,4.46
2511,1592205.985,657772.347,4.443
2512,1592193.495,657788.111,4.4
2513,1592180.692,657803.575,4.491
2514,1592167.854,657819.165,4.566
2515,1592155.497,657835.056,4.759
2516,1592142.66,657850.791,4.922
2517,1592130.015,657866.536,5.082
2518,1592115.617,657880.851,5.098
2519,1592101.395,657895.475,5.007
2520,1592088.017,657910.447,5.044
2521,1592073.825,657925.596,4.992
2522,1592058.749,657938.981,5.061
2523,1592042.963,657951.798,5.074
2524,1592001.109,657981.878,5.107
2525,1591983.563,657992.799,5.135
2526,1591965.655,658003.072,5.153
2527,1591948.226,658012.904,5.136
2528,1591930.456,658022.039,5.059
2529,1591911.408,658030.423,5.032
2530,1591892.904,658038.204,5.109
2531,1591873.075,658045.723,5.076
2532,1591853.994,658053.777,5.095
2533,1591835.668,658062.112,5.03
2534,1591817.363,658070.138,5.04
2535,1591798.505,658077.695,5.026
2536,1591779.023,658086.093,4.971
2537,1591759.5,658094.462,5.01
2538,1591740.579,658102.405,4.978
2539,1591721.096,658110.817,4.98
2540,1591702.24,658119.139,4.974
2541,1591683.303,658126.881,4.751
2542,1591664.781,658134.747,4.815
2543,1591599.209,658162.634,4.753
2544,1591580.646,658170.706,4.754
2545,1591561.469,658178.077,4.764
2546,1591543.164,658186.836,4.787
2547,1591524.575,658194.896,4.714
2548,1591504.803,658203.648,4.775
2549,1591485.714,658212.034,4.781
2550,1591466.988,658219.895,4.677
2551,1591448.287,658227.821,4.649
2552,1591429.858,658235.664,4.666
2553,1591411.348,658243.538,4.703
2554,1591392.753,658251.335,4.62
2555,1591373.809,658259.877,4.701
2556,1591355.095,658267.846,4.695
2557,1591336.187,658275.704,4.62
2558,1591317.432,658283.821,4.604
2559,1591299.068,658292.359,4.704
2560,1591280.732,658300.357,4.716
2561,1591262.112,658308.307,4.669
2562,1591243.311,658316.467,4.646
2563,1591224.732,658324.584,4.523
2564,1591206.288,658332.525,4.585
2565,1591187.826,658340.348,4.504
2566,1591169.073,658348.254,4.564
2567,1591150.748,658356.187,4.704
2568,1591131.531,658364.775,4.825
2569,1591112.303,658372.77,4.807
2570,1591092.859,658380.804,4.834
2571,1591074.141,658388.957,4.865
2572,1591055.214,658397.231,4.872
2573,1591036.759,658405.242,4.872
2574,1591017.006,658413.601,4.882
2575,1590997.516,658422.151,4.884
2576,1590978.788,658430.439,4.903
2577,1590959.804,658438.79,4.871
2578,1590941.11,658446.861,4.869
2579,1590922.525,658454.609,4.861
2580,1590902.285,658463.058,4.852
2581,1590882.427,658471.543,4.885
2582,1590862.895,658479.885,4.876
2583,1590843.518,658488.097,4.881
2584,1590824.243,658496.342,4.864
2585,1590804.897,658504.58,4.878
2586,1590785.508,658512.86,4.892
2587,1590766.147,658521.157,4.869
2588,1590746.55,658529.489,4.831
2589,1590726.65,658537.951,4.817
2590,1590706.725,658546.407,4.86
2591,1590686.886,658554.666,4.853
2592,1590665.974,658563.391,4.853
2593,1590647.661,658571.55,4.829
2594,1590627.878,658580.63,4.721
2595,1590609.494,658588.847,4.891
2596,1590590.627,658596.879,4.867
2597,1590571.411,658605.081,4.843
2598,1590552.127,658613.441,4.935
2599,1590532.844,658621.775,4.929
2600,1590513.489,658630.129,4.909
2601,1590493.776,658638.383,4.911
2602,1590473.895,658646.644,4.916
2603,1590453.957,658654.943,4.871
2604,1590433.986,658663.531,4.87
2605,1590414.039,658672.374,4.887
2606,1590394.913,658680.862,4.912
2607,1590375.465,658689.179,4.894
2608,1590355.857,658697.318,4.894
2609,1590336.12,658705.585,4.919
2610,1590316.158,658714.042,4.879
2611,1590296.241,658722.932,4.879
2612,1590276.379,658731.784,4.811
2613,1590256.424,658740.555,4.801
2614,1590236.304,658749.143,4.807
2615,1590078.844,658816.998,4.853
2616,1590060.42,658825.115,4.865
2617,1590041.039,658833.389,4.896
2618,1590022.705,658841.291,4.9
2619,1590003.9,658849.565,4.876
2620,1589984.531,658857.966,4.89
2621,1589964.826,658866.413,4.844
2622,1589944.863,658875.051,4.82
2623,1589926.349,658883,4.842
2624,1589907.748,658890.96,4.886
2625,1589889.055,658899.107,4.9
2626,1589870.027,658907.367,4.866
2627,1589850.474,658915.885,4.845
2628,1589831.023,658924.849,4.833
2629,1589811.683,658933.291,4.831
2630,1589792.99,658941.337,4.802
2631,1589773.224,658949.819,4.798
2632,1589753.639,658958.121,4.82
2633,1589734.349,658966.101,4.814
2634,1589715.384,658973.922,4.838
2635,1589696.602,658981.708,4.865
2636,1589677.712,658989.848,4.823
2637,1589658.388,658998.108,4.833
2638,1589638.665,659006.476,4.853
2639,1589620.225,659014.275,4.835
2640,1589601.58,659022.092,4.855
2641,1589582.999,659029.841,4.786
2642,1589563.068,659038.517,4.847
2643,1589409.22,659112.963,4.861
2644,1589391.904,659123.044,4.827
2645,1589374.799,659134.176,4.841
2646,1589355.986,659146.901,4.818
2647,1589339.021,659158.515,4.833
2648,1589322.433,659170.358,4.895
2649,1589305.596,659182.76,4.925
2650,1589289.319,659195.075,4.948
2651,1589272.682,659208.446,5.004
2652,1589257.301,659221.66,5.045
2653,1589241.646,659235.791,5.097
2654,1589225.992,659250.489,5.129
2655,1589210.54,659265.501,5.144
2656,1589195.062,659280.875,5.112
2657,1589179.378,659296.537,5.092
2658,1589165.288,659311.014,5.111
2659,1589151.262,659325.323,5.162
2660,1589137.198,659339.606,5.188
2661,1589123.067,659354.052,5.212
2662,1589108.891,659368.738,5.201
2663,1589094.537,659383.452,5.184
2664,1589080.026,659398.138,5.208
2665,1589065.586,659412.867,5.192
2666,1589051.224,659427.617,5.161
2667,1589036.974,659442.241,5.168
2668,1589023.111,659456.73,5.128
2669,1589007.814,659472.355,5.078
2670,1588992.359,659487.428,5.117
2671,1588977.193,659502.569,5.175
2672,1588962.402,659517.609,5.2
2673,1588947.894,659532.261,5.21
2674,1588933.571,659546.529,5.238
2675,1588918.198,659561.855,5.278
2676,1588903.815,659576.036,5.371
2677,1588888.52,659589.566,5.49
2678,1588873.394,659602.765,5.548
2679,1594198.039,655323.679,9.131
